# This file uses centimeters as units for non-parametric coordinates.

mtllib ToolBox.mtl
g default
v -0.658119 0.002079 1.308278
v -0.658119 0.075195 1.381395
v -0.731235 0.075195 1.308278
v 0.731235 0.075195 1.308278
v 0.658119 0.075195 1.381395
v 0.658119 0.002079 1.308278
v -0.731235 0.075195 -1.308278
v -0.658119 0.075195 -1.381395
v -0.658119 0.002079 -1.308278
v 0.658119 0.002079 -1.308278
v 0.658119 0.075195 -1.381395
v 0.731235 0.075195 -1.308278
v -0.731235 1.002079 1.308278
v -0.658119 1.002079 1.381395
v 0.731235 1.002079 1.308278
v 0.658119 1.002079 1.381395
v -0.731235 1.002079 -1.308278
v -0.658119 1.002079 -1.381395
v 0.658119 1.002079 -1.381395
v 0.731235 1.002079 -1.308278
v -0.603418 1.002079 1.320572
v -0.670456 1.002079 1.250675
v 0.603418 1.002079 1.320572
v 0.670456 1.002079 1.250675
v 0.670456 1.002079 -1.250675
v 0.603418 1.002079 -1.320572
v -0.603418 1.002079 -1.320572
v -0.670456 1.002079 -1.250675
v -0.578493 0.135436 1.262131
v -0.603418 0.193876 1.320572
v -0.670456 0.193876 1.250675
v -0.612016 0.135436 1.227179
v 0.578493 0.135436 1.262131
v 0.603418 0.193876 1.320572
v 0.612016 0.135436 1.227179
v 0.670456 0.193876 1.250675
v 0.612016 0.135436 -1.227179
v 0.670456 0.193876 -1.250675
v 0.578493 0.135436 -1.262131
v 0.603418 0.193876 -1.320572
v -0.578493 0.135436 -1.262131
v -0.603418 0.193876 -1.320572
v -0.612016 0.135436 -1.227179
v -0.670456 0.193876 -1.250675
vt 0.375000 0.256616
vt 0.625000 0.256616
vt 0.375000 0.493384
vt 0.387499 0.993384
vt 0.375000 0.993384
vt 0.375000 0.756616
vt 0.387499 0.000000
vt 0.387499 0.018279
vt 0.368384 0.250000
vt 0.625000 0.993384
vt 0.612501 0.993384
vt 0.625000 0.756616
vt 0.631616 0.018279
vt 0.612501 0.250000
vt 0.375000 0.731721
vt 0.387499 0.500000
vt 0.387499 0.731721
vt 0.612501 0.756616
vt 0.612501 0.731721
vt 0.625000 0.493384
vt 0.612501 0.018279
vt 0.387499 0.250000
vt 0.612501 0.500000
vt 0.387499 0.756616
vt 0.868384 0.018279
vt 0.868384 0.250000
vt 0.631616 0.250000
vt 0.131616 0.018279
vt 0.368384 0.018279
vt 0.131616 0.250000
vt 0.612501 -0.000000
vt 0.625000 0.731721
vt 0.392146 0.255532
vt 0.385896 0.258840
vt 0.385896 0.491160
vt 0.607879 0.255507
vt 0.614129 0.258816
vt 0.614104 0.491160
vt 0.607854 0.494468
vt 0.392146 0.494468
vt 0.387499 0.250000
vt 0.375000 0.256616
vt 0.612501 0.250000
vt 0.387499 0.250000
vt 0.625000 0.256616
vt 0.612501 0.250000
vt 0.625000 0.493384
vt 0.625000 0.256616
vt 0.612501 0.500000
vt 0.625000 0.493384
vt 0.387499 0.500000
vt 0.612501 0.500000
vt 0.375000 0.493384
vt 0.387499 0.500000
vt 0.375000 0.256616
vt 0.375000 0.493384
vn -0.707107 -0.707107 0.000000
vn -0.707107 -0.707107 0.000000
vn -0.707107 -0.707107 0.000000
vn -0.707107 -0.707107 0.000000
vn 0.000000 -0.707107 0.707107
vn 0.000000 -0.707107 0.707107
vn 0.000000 -0.707107 0.707107
vn 0.000000 -0.707107 0.707107
vn -0.707107 0.000000 0.707107
vn -0.707107 0.000000 0.707107
vn -0.707107 0.000000 0.707107
vn -0.707107 0.000000 0.707107
vn 0.707107 -0.707107 0.000000
vn 0.707107 -0.707107 0.000000
vn 0.707107 -0.707107 0.000000
vn 0.707107 -0.707107 0.000000
vn 0.707107 0.000000 0.707107
vn 0.707107 0.000000 0.707107
vn 0.707107 0.000000 0.707107
vn 0.707107 0.000000 0.707107
vn -0.707107 0.000000 -0.707107
vn -0.707107 0.000000 -0.707107
vn -0.707107 0.000000 -0.707107
vn -0.707107 0.000000 -0.707107
vn 0.000000 -0.707107 -0.707107
vn 0.000000 -0.707107 -0.707107
vn 0.000000 -0.707107 -0.707107
vn 0.000000 -0.707107 -0.707107
vn 0.707107 0.000000 -0.707107
vn 0.707107 0.000000 -0.707107
vn 0.707107 0.000000 -0.707107
vn 0.707107 0.000000 -0.707107
vn 0.000000 0.000000 1.000000
vn 0.000000 0.000000 1.000000
vn 0.000000 0.000000 1.000000
vn 0.000000 0.000000 1.000000
vn 0.000000 0.000000 -1.000000
vn 0.000000 0.000000 -1.000000
vn 0.000000 0.000000 -1.000000
vn 0.000000 0.000000 -1.000000
vn 0.000000 -1.000000 0.000000
vn 0.000000 -1.000000 0.000000
vn 0.000000 -1.000000 0.000000
vn 0.000000 -1.000000 0.000000
vn 1.000000 0.000000 0.000000
vn 1.000000 0.000000 0.000000
vn 1.000000 0.000000 0.000000
vn 1.000000 0.000000 0.000000
vn -1.000000 0.000000 0.000000
vn -1.000000 0.000000 0.000000
vn -1.000000 0.000000 0.000000
vn -1.000000 0.000000 0.000000
vn -0.577350 -0.577350 0.577351
vn -0.577350 -0.577350 0.577351
vn -0.577350 -0.577350 0.577351
vn 0.577350 -0.577350 0.577351
vn 0.577350 -0.577350 0.577351
vn 0.577350 -0.577350 0.577351
vn -0.577350 -0.577350 -0.577351
vn -0.577350 -0.577350 -0.577351
vn -0.577350 -0.577350 -0.577351
vn 0.577350 -0.577350 -0.577351
vn 0.577350 -0.577350 -0.577351
vn 0.577350 -0.577350 -0.577351
vn 0.000000 1.000000 0.000000
vn 0.000000 1.000000 0.000000
vn 0.000000 1.000000 0.000000
vn 0.000000 1.000000 0.000000
vn 0.000000 1.000000 -0.000000
vn 0.000000 1.000000 -0.000000
vn 0.000000 1.000000 -0.000000
vn 0.000000 1.000000 -0.000000
vn 0.000000 1.000000 0.000000
vn 0.000000 1.000000 0.000000
vn 0.000000 1.000000 0.000000
vn 0.000000 1.000000 0.000000
vn 0.000000 1.000000 0.000000
vn 0.000000 1.000000 0.000000
vn 0.000000 1.000000 0.000000
vn 0.000000 1.000000 0.000000
vn 0.000000 1.000000 0.000000
vn 0.000000 1.000000 0.000000
vn 0.000000 1.000000 0.000000
vn 0.000000 1.000000 0.000000
vn 0.000000 1.000000 0.000000
vn 0.000000 1.000000 0.000000
vn 0.000000 1.000000 0.000000
vn 0.000000 1.000000 0.000000
vn 0.000000 1.000000 0.000000
vn 0.000000 1.000000 0.000000
vn 0.000000 1.000000 0.000000
vn 0.000000 1.000000 0.000000
vn 0.000000 1.000000 0.000000
vn 0.000000 1.000000 0.000000
vn 0.000000 1.000000 0.000000
vn 0.000000 1.000000 0.000000
vn 0.000000 0.707107 -0.707106
vn 0.000000 0.707107 -0.707106
vn 0.000000 0.707107 -0.707106
vn 0.000000 0.707107 -0.707106
vn 0.510324 0.707107 -0.489457
vn 0.510324 0.707107 -0.489457
vn 0.510324 0.707107 -0.489457
vn 0.510324 0.707107 -0.489457
vn 0.707106 0.707107 0.000000
vn 0.707106 0.707107 0.000000
vn 0.707106 0.707107 0.000000
vn 0.707106 0.707107 0.000000
vn -0.510324 0.707107 -0.489457
vn -0.510324 0.707107 -0.489457
vn -0.510324 0.707107 -0.489457
vn -0.510324 0.707107 -0.489457
vn -0.707106 0.707107 0.000000
vn -0.707106 0.707107 0.000000
vn -0.707106 0.707107 0.000000
vn -0.707106 0.707107 0.000000
vn -0.510324 0.707107 0.489457
vn -0.510324 0.707107 0.489457
vn -0.510324 0.707107 0.489458
vn -0.510324 0.707107 0.489457
vn 0.000000 0.707107 0.707106
vn 0.000000 0.707107 0.707106
vn 0.000000 0.707107 0.707106
vn 0.000000 0.707107 0.707106
vn 0.510324 0.707107 0.489457
vn 0.510324 0.707107 0.489457
vn 0.510324 0.707107 0.489457
vn 0.510324 0.707107 0.489457
vn 0.000000 1.000000 0.000000
vn 0.000000 1.000000 0.000000
vn 0.000000 1.000000 0.000000
vn 0.000000 1.000000 0.000000
vn 0.000000 1.000000 0.000000
vn 0.000000 1.000000 0.000000
vn 0.000000 1.000000 0.000000
vn 0.000000 1.000000 0.000000
vn 0.721707 0.000000 -0.692199
vn 0.721707 0.000000 -0.692199
vn 0.721707 0.000000 -0.692199
vn 0.721707 0.000000 -0.692199
vn 0.000000 0.000000 -1.000000
vn 0.000000 0.000000 -1.000000
vn 0.000000 0.000000 -1.000000
vn 0.000000 0.000000 -1.000000
vn -0.721707 0.000000 -0.692199
vn -0.721707 0.000000 -0.692199
vn -0.721707 0.000000 -0.692199
vn -0.721707 0.000000 -0.692199
vn -1.000000 0.000000 0.000000
vn -1.000000 0.000000 0.000000
vn -1.000000 0.000000 0.000000
vn -1.000000 0.000000 0.000000
vn -0.721707 0.000000 0.692199
vn -0.721707 0.000000 0.692199
vn -0.721707 0.000000 0.692199
vn -0.721707 0.000000 0.692199
vn 0.000000 0.000000 1.000000
vn 0.000000 0.000000 1.000000
vn 0.000000 0.000000 1.000000
vn 0.000000 0.000000 1.000000
vn 0.721707 0.000000 0.692199
vn 0.721707 0.000000 0.692199
vn 0.721707 0.000000 0.692199
vn 0.721707 0.000000 0.692199
vn 1.000000 0.000000 0.000000
vn 1.000000 0.000000 0.000000
vn 1.000000 0.000000 0.000000
vn 1.000000 0.000000 0.000000
s off
g pCube1
usemtl lambert2SG
f 1/4/1 3/5/2 7/6/3 9/24/4
f 2/8/5 1/7/6 6/31/7 5/21/8
f 3/29/9 2/8/10 14/22/11 13/9/12
f 4/10/13 6/11/14 10/18/15 12/12/16
f 5/21/17 4/13/18 15/27/19 16/14/20
f 8/17/21 7/15/22 17/3/23 18/16/24
f 9/24/25 8/17/26 11/19/27 10/18/28
f 12/32/29 11/19/30 19/23/31 20/20/32
f 2/8/33 5/21/34 16/14/35 14/22/36
f 8/17/37 18/16/38 19/23/39 11/19/40
f 9/24/41 10/18/42 6/11/43 1/4/44
f 4/13/45 12/25/46 20/26/47 15/27/48
f 7/28/49 3/29/50 13/9/51 17/30/52
f 1/7/53 2/8/54 3/29/55
f 4/13/56 5/21/57 6/31/58
f 7/15/59 8/17/60 9/24/61
f 10/18/62 11/19/63 12/32/64
f 13/1/65 14/22/66 21/41/67 22/55/68
f 14/22/69 16/14/70 23/43/71 21/41/72
f 16/14/73 15/2/74 24/45/75 23/43/76
f 15/2/77 20/20/78 25/47/79 24/45/80
f 20/20/81 19/23/82 26/49/83 25/47/84
f 19/23/85 18/16/86 27/51/87 26/49/88
f 18/16/89 17/3/90 28/53/91 27/51/92
f 17/3/93 13/1/94 22/55/95 28/53/96
f 29/33/97 30/44/98 34/46/99 33/36/100
f 30/44/101 29/33/102 32/34/103 31/42/104
f 31/42/105 32/34/106 43/35/107 44/56/108
f 33/36/109 34/46/110 36/48/111 35/37/112
f 35/37/113 36/48/114 38/50/115 37/38/116
f 37/38/117 38/50/118 40/52/119 39/39/120
f 39/39/121 40/52/122 42/54/123 41/40/124
f 41/40/125 42/54/126 44/56/127 43/35/128
f 32/34/129 29/33/130 33/36/131 35/37/132 37/38/133 39/39/134 41/40/135 43/35/136
f 22/55/137 21/41/138 30/44/139 31/42/140
f 21/41/141 23/43/142 34/46/143 30/44/144
f 23/43/145 24/45/146 36/48/147 34/46/148
f 24/45/149 25/47/150 38/50/151 36/48/152
f 25/47/153 26/49/154 40/52/155 38/50/156
f 26/49/157 27/51/158 42/54/159 40/52/160
f 27/51/161 28/53/162 44/56/163 42/54/164
f 28/53/165 22/55/166 31/42/167 44/56/168
g default
v 0.747783 1.001383 -1.064262
v 0.725286 1.001383 -1.064262
v 0.725286 1.001383 -0.724473
v 0.747783 1.001383 -0.724473
v 0.725286 0.808041 -1.064262
v 0.725286 0.723102 -0.979324
v 0.747783 0.808041 -1.064262
v 0.747783 0.723102 -0.979324
v 0.725286 0.808041 -0.724473
v 0.725286 0.723102 -0.809412
v 0.747783 0.808041 -0.724473
v 0.747783 0.723102 -0.809412
v 0.747783 1.001383 1.064262
v 0.725286 1.001383 1.064262
v 0.725286 1.001383 0.724473
v 0.747783 1.001383 0.724473
v 0.725286 0.808041 1.064262
v 0.725286 0.723102 0.979324
v 0.747783 0.808041 1.064262
v 0.747783 0.723102 0.979324
v 0.725286 0.808041 0.724473
v 0.725286 0.723102 0.809412
v 0.747783 0.808041 0.724473
v 0.747783 0.723102 0.809412
v 0.747783 0.923723 -0.830594
v 0.747783 0.923723 -0.958141
v 0.747783 0.851148 -0.830594
v 0.747783 0.819265 -0.862478
v 0.747783 0.819265 -0.926258
v 0.747783 0.851148 -0.958141
v 0.747783 0.923723 0.958141
v 0.747783 0.851148 0.958141
v 0.747783 0.819265 0.926258
v 0.747783 0.819265 0.862478
v 0.747783 0.851148 0.830594
v 0.747783 0.923723 0.830594
v 0.768121 0.913555 -0.840762
v 0.757953 0.923723 -0.830594
v 0.757953 0.923723 -0.958141
v 0.768121 0.913555 -0.947973
v 0.768121 0.855360 -0.840762
v 0.757953 0.851148 -0.830594
v 0.768121 0.829433 -0.866690
v 0.757953 0.819265 -0.862478
v 0.768121 0.829433 -0.922046
v 0.757953 0.819265 -0.926258
v 0.768121 0.855360 -0.947973
v 0.757953 0.851148 -0.958141
v 0.757953 0.923723 0.958141
v 0.768121 0.913555 0.947973
v 0.768121 0.855360 0.947973
v 0.757953 0.851148 0.958141
v 0.768121 0.829433 0.922046
v 0.757953 0.819265 0.926258
v 0.768121 0.829433 0.866690
v 0.757953 0.819265 0.862478
v 0.768121 0.855360 0.840762
v 0.757953 0.851148 0.830594
v 0.768121 0.913555 0.840762
v 0.757953 0.923723 0.830594
vt 0.375000 0.312494
vt 0.625000 0.312494
vt 0.625000 0.437506
vt 0.375000 0.437506
vt 0.375000 0.125000
vt 0.625000 0.125000
vt 0.625000 0.211847
vt 0.375000 0.211847
vt 0.125000 0.125000
vt 0.312506 0.250000
vt 0.187494 0.250000
vt 0.125000 0.211847
vt 0.375000 0.538153
vt 0.625000 0.538153
vt 0.625000 0.625000
vt 0.375000 0.625000
vt 0.875000 0.125000
vt 0.875000 0.211847
vt 0.812506 0.250000
vt 0.687494 0.250000
vt 0.375000 0.312494
vt 0.375000 0.437506
vt 0.625000 0.437506
vt 0.625000 0.312494
vt 0.375000 0.125000
vt 0.375000 0.211847
vt 0.625000 0.211847
vt 0.625000 0.125000
vt 0.125000 0.125000
vt 0.125000 0.211847
vt 0.187494 0.250000
vt 0.312506 0.250000
vt 0.375000 0.538153
vt 0.375000 0.625000
vt 0.625000 0.625000
vt 0.625000 0.538153
vt 0.687494 0.250000
vt 0.812506 0.250000
vt 0.875000 0.211847
vt 0.875000 0.125000
vt 0.855070 0.137168
vt 0.644930 0.137168
vt 0.644930 0.206807
vt 0.855070 0.137168
vt 0.855070 0.206807
vt 0.804251 0.237832
vt 0.695749 0.237832
vt 0.644930 0.137168
vt 0.644930 0.206807
vt 0.695749 0.237832
vt 0.804251 0.237832
vt 0.855070 0.206807
vt 0.875000 0.125000
vt 0.625000 0.125000
vt 0.875000 0.211847
vt 0.875000 0.125000
vt 0.812506 0.250000
vt 0.875000 0.211847
vt 0.687494 0.250000
vt 0.812506 0.250000
vt 0.625000 0.211847
vt 0.687494 0.250000
vt 0.625000 0.125000
vt 0.625000 0.211847
vt 0.625000 0.211847
vt 0.625000 0.125000
vt 0.687494 0.250000
vt 0.625000 0.211847
vt 0.812506 0.250000
vt 0.687494 0.250000
vt 0.875000 0.211847
vt 0.812506 0.250000
vt 0.875000 0.125000
vt 0.875000 0.211847
vt 0.625000 0.125000
vt 0.875000 0.125000
vn 0.000000 -1.000000 0.000000
vn 0.000000 -1.000000 0.000000
vn 0.000000 -1.000000 0.000000
vn 0.000000 -1.000000 0.000000
vn 0.000000 0.000000 -1.000000
vn 0.000000 0.000000 -1.000000
vn 0.000000 0.000000 -1.000000
vn 0.000000 0.000000 -1.000000
vn -1.000000 0.000000 0.000000
vn -1.000000 0.000000 0.000000
vn -1.000000 0.000000 0.000000
vn -1.000000 0.000000 0.000000
vn -1.000000 0.000000 0.000000
vn -1.000000 0.000000 0.000000
vn 0.000000 0.000000 1.000000
vn 0.000000 0.000000 1.000000
vn 0.000000 0.000000 1.000000
vn 0.000000 0.000000 1.000000
vn 0.000000 -0.707107 -0.707107
vn 0.000000 -0.707107 -0.707107
vn 0.000000 -0.707107 -0.707107
vn 0.000000 -0.707107 -0.707107
vn 0.000000 -0.707107 0.707107
vn 0.000000 -0.707107 0.707107
vn 0.000000 -0.707107 0.707107
vn 0.000000 -0.707107 0.707107
vn 0.000000 1.000000 0.000000
vn 0.000000 1.000000 0.000000
vn 0.000000 1.000000 0.000000
vn 0.000000 1.000000 0.000000
vn 0.000000 -1.000000 0.000000
vn 0.000000 -1.000000 0.000000
vn 0.000000 -1.000000 0.000000
vn 0.000000 -1.000000 0.000000
vn 0.000000 0.000000 1.000000
vn 0.000000 0.000000 1.000000
vn 0.000000 0.000000 1.000000
vn 0.000000 0.000000 1.000000
vn -1.000000 0.000000 0.000000
vn -1.000000 0.000000 0.000000
vn -1.000000 0.000000 0.000000
vn -1.000000 0.000000 0.000000
vn -1.000000 0.000000 0.000000
vn -1.000000 0.000000 0.000000
vn 0.000000 0.000000 -1.000000
vn 0.000000 0.000000 -1.000000
vn 0.000000 0.000000 -1.000000
vn 0.000000 0.000000 -1.000000
vn 0.000000 -0.707107 0.707106
vn 0.000000 -0.707107 0.707106
vn 0.000000 -0.707107 0.707106
vn 0.000000 -0.707107 0.707106
vn 0.000000 -0.707107 -0.707106
vn 0.000000 -0.707107 -0.707106
vn 0.000000 -0.707107 -0.707106
vn 0.000000 -0.707107 -0.707106
vn 0.000000 1.000000 0.000000
vn 0.000000 1.000000 0.000000
vn 0.000000 1.000000 0.000000
vn 0.000000 1.000000 0.000000
vn 1.000000 0.000000 0.000000
vn 1.000000 0.000000 0.000000
vn 1.000000 0.000000 0.000000
vn 1.000000 0.000000 0.000000
vn 1.000000 0.000000 0.000000
vn 1.000000 0.000000 0.000000
vn 1.000000 0.000000 0.000000
vn 1.000000 0.000000 0.000000
vn 1.000000 0.000000 0.000000
vn 1.000000 0.000000 0.000000
vn 1.000000 0.000000 0.000000
vn 1.000000 0.000000 0.000000
vn 1.000000 -0.000000 0.000000
vn 1.000000 -0.000000 0.000000
vn 1.000000 -0.000000 0.000000
vn 1.000000 -0.000000 0.000000
vn 1.000000 0.000000 0.000000
vn 1.000000 0.000000 0.000000
vn 1.000000 0.000000 0.000000
vn 1.000000 0.000000 0.000000
vn 1.000000 0.000000 0.000000
vn 1.000000 0.000000 0.000000
vn 1.000000 0.000000 0.000000
vn 1.000000 0.000000 0.000000
vn 1.000000 0.000000 0.000000
vn 1.000000 0.000000 0.000000
vn 1.000000 0.000000 0.000000
vn 1.000000 0.000000 0.000000
vn 1.000000 0.000000 0.000000
vn 1.000000 0.000000 0.000000
vn 1.000000 0.000000 0.000000
vn 1.000000 0.000000 0.000000
vn 1.000000 -0.000000 0.000000
vn 1.000000 -0.000000 0.000000
vn 1.000000 -0.000000 0.000000
vn 1.000000 -0.000000 0.000000
vn 1.000000 0.000000 0.000000
vn 1.000000 0.000000 0.000000
vn 1.000000 0.000000 0.000000
vn 1.000000 0.000000 0.000000
vn 1.000000 0.000000 0.000000
vn 1.000000 0.000000 0.000000
vn 1.000000 0.000000 0.000000
vn 1.000000 0.000000 0.000000
vn 1.000000 -0.000001 0.000000
vn 1.000000 -0.000001 0.000000
vn 1.000000 -0.000001 0.000000
vn 1.000000 -0.000001 0.000000
vn 0.707107 0.000000 0.707106
vn 0.707107 0.000000 0.707106
vn 0.707107 0.000000 0.707106
vn 0.707107 0.000000 0.707106
vn 0.707105 0.707109 0.000000
vn 0.707105 0.707109 0.000000
vn 0.707105 0.707109 0.000000
vn 0.707105 0.707109 0.000000
vn 0.707105 0.000000 -0.707108
vn 0.707105 0.000000 -0.707108
vn 0.707105 0.000000 -0.707108
vn 0.707105 0.000000 -0.707108
vn 0.707106 -0.500001 0.500001
vn 0.707106 -0.500001 0.500001
vn 0.707106 -0.500001 0.500001
vn 0.707106 -0.500001 0.500001
vn 0.707104 -0.707110 0.000000
vn 0.707104 -0.707110 0.000000
vn 0.707104 -0.707110 0.000000
vn 0.707104 -0.707110 0.000000
vn 0.707107 -0.499998 -0.500001
vn 0.707107 -0.499998 -0.500001
vn 0.707107 -0.499998 -0.500001
vn 0.707107 -0.499998 -0.500001
vn 0.707107 0.707107 0.000000
vn 0.707107 0.707107 0.000000
vn 0.707107 0.707107 0.000000
vn 0.707107 0.707107 0.000000
vn 0.707109 0.000000 0.707105
vn 0.707109 0.000000 0.707105
vn 0.707109 0.000000 0.707105
vn 0.707109 0.000000 0.707105
vn 0.707105 -0.499999 0.500003
vn 0.707105 -0.499999 0.500003
vn 0.707105 -0.499999 0.500003
vn 0.707105 -0.499999 0.500003
vn 0.707106 -0.707108 0.000000
vn 0.707106 -0.707108 0.000000
vn 0.707106 -0.707108 0.000000
vn 0.707106 -0.707108 0.000000
vn 0.707107 -0.499998 -0.500001
vn 0.707107 -0.499998 -0.500001
vn 0.707107 -0.499998 -0.500001
vn 0.707107 -0.499998 -0.500001
vn 0.707107 0.000000 -0.707107
vn 0.707107 0.000000 -0.707107
vn 0.707107 0.000000 -0.707107
vn 0.707107 0.000000 -0.707107
vn 1.000000 0.000000 0.000000
vn 1.000000 0.000000 0.000000
vn 1.000000 0.000000 0.000000
vn 1.000000 0.000000 0.000000
vn 1.000000 0.000000 0.000000
vn 1.000000 0.000000 0.000000
vn 1.000000 0.000000 0.000000
vn 1.000000 0.000000 0.000000
vn 1.000000 0.000000 0.000000
vn 1.000000 0.000000 0.000000
vn 1.000000 0.000000 0.000000
vn 1.000000 0.000000 0.000000
vn 0.000000 1.000000 0.000000
vn 0.000000 1.000000 0.000000
vn 0.000000 1.000000 0.000000
vn 0.000000 1.000000 0.000000
vn 0.000000 0.000000 1.000000
vn 0.000000 0.000000 1.000000
vn 0.000000 0.000000 1.000000
vn 0.000000 0.000000 1.000000
vn 0.000000 -0.707104 0.707110
vn 0.000000 -0.707104 0.707110
vn 0.000000 -0.707104 0.707110
vn 0.000000 -0.707104 0.707110
vn 0.000000 -1.000000 0.000000
vn 0.000000 -1.000000 0.000000
vn 0.000000 -1.000000 0.000000
vn 0.000000 -1.000000 0.000000
vn 0.000000 -0.707106 -0.707108
vn 0.000000 -0.707106 -0.707108
vn 0.000000 -0.707106 -0.707108
vn 0.000000 -0.707106 -0.707108
vn 0.000000 0.000000 -1.000000
vn 0.000000 0.000000 -1.000000
vn 0.000000 0.000000 -1.000000
vn 0.000000 0.000000 -1.000000
vn 0.000000 0.000000 1.000000
vn 0.000000 0.000000 1.000000
vn 0.000000 0.000000 1.000000
vn 0.000000 0.000000 1.000000
vn 0.000000 -0.707106 0.707108
vn 0.000000 -0.707106 0.707108
vn 0.000000 -0.707106 0.707108
vn 0.000000 -0.707106 0.707108
vn 0.000000 -1.000000 0.000000
vn 0.000000 -1.000000 0.000000
vn 0.000000 -1.000000 0.000000
vn 0.000000 -1.000000 0.000000
vn 0.000000 -0.707106 -0.707108
vn 0.000000 -0.707106 -0.707108
vn 0.000000 -0.707106 -0.707108
vn 0.000000 -0.707106 -0.707108
vn 0.000000 0.000000 -1.000000
vn 0.000000 0.000000 -1.000000
vn 0.000000 0.000000 -1.000000
vn 0.000000 0.000000 -1.000000
vn 0.000000 1.000000 0.000000
vn 0.000000 1.000000 0.000000
vn 0.000000 1.000000 0.000000
vn 0.000000 1.000000 0.000000
s off
g polySurface4
usemtl lambert4SG
f 50/57/169 52/58/170 56/59/171 54/60/172
f 46/61/173 45/62/174 51/63/175 49/64/176
f 47/65/177 46/61/178 49/64/179 50/66/180 54/67/181 53/68/182
f 53/69/183 55/70/184 48/71/185 47/72/186
f 50/57/187 49/64/188 51/63/189 52/58/190
f 53/69/191 54/60/192 56/59/193 55/70/194
f 46/61/195 47/72/196 48/73/197 45/62/198
f 62/77/199 66/78/200 68/79/201 64/80/202
f 58/81/203 61/82/204 63/83/205 57/84/206
f 59/85/207 65/86/208 66/87/209 62/88/210 61/82/211 58/81/212
f 65/89/213 59/90/214 60/91/215 67/92/216
f 62/77/217 64/80/218 63/83/219 61/82/220
f 65/89/221 67/92/222 68/79/223 66/78/224
f 58/81/225 57/84/226 60/96/227 59/90/228
f 45/62/229 48/73/230 69/109/231 70/119/232
f 48/73/233 55/74/234 71/111/235 69/109/236
f 55/74/237 56/75/238 72/113/239 71/111/240
f 56/75/241 52/76/242 73/115/243 72/113/244
f 52/76/245 51/63/246 74/117/247 73/115/248
f 51/63/249 45/62/250 70/119/251 74/117/252
f 57/84/253 63/83/254 76/121/255 75/131/256
f 63/83/257 64/93/258 77/123/259 76/121/260
f 64/93/261 68/94/262 78/125/263 77/123/264
f 68/94/265 67/95/266 79/127/267 78/125/268
f 67/95/269 60/96/270 80/129/271 79/127/272
f 60/96/273 57/84/274 75/131/275 80/129/276
f 81/97/277 82/112/278 86/114/279 85/101/280
f 82/112/281 81/97/282 84/98/283 83/110/284
f 83/110/285 84/98/286 91/99/287 92/120/288
f 85/101/289 86/114/290 88/116/291 87/102/292
f 87/102/293 88/116/294 90/118/295 89/103/296
f 89/103/297 90/118/298 92/120/299 91/99/300
f 93/122/301 94/104/302 103/100/303 104/132/304
f 94/104/305 93/122/306 96/124/307 95/105/308
f 95/105/309 96/124/310 98/126/311 97/106/312
f 97/106/313 98/126/314 100/128/315 99/107/316
f 99/107/317 100/128/318 102/130/319 101/108/320
f 101/108/321 102/130/322 104/132/323 103/100/324
f 84/98/325 81/97/326 85/101/327 87/102/328 89/103/329 91/99/330
f 94/104/331 95/105/332 97/106/333 99/107/334 101/108/335 103/100/336
f 70/119/337 69/109/338 82/112/339 83/110/340
f 69/109/341 71/111/342 86/114/343 82/112/344
f 71/111/345 72/113/346 88/116/347 86/114/348
f 72/113/349 73/115/350 90/118/351 88/116/352
f 73/115/353 74/117/354 92/120/355 90/118/356
f 74/117/357 70/119/358 83/110/359 92/120/360
f 75/131/361 76/121/362 96/124/363 93/122/364
f 76/121/365 77/123/366 98/126/367 96/124/368
f 77/123/369 78/125/370 100/128/371 98/126/372
f 78/125/373 79/127/374 102/130/375 100/128/376
f 79/127/377 80/129/378 104/132/379 102/130/380
f 80/129/381 75/131/382 93/122/383 104/132/384
g default
v -0.755147 0.999269 -0.471321
v -0.721690 0.999269 -0.471321
v -0.755147 0.999269 -1.281250
v -0.721690 0.999269 -1.281250
v -0.755147 0.820579 -0.560657
v -0.755147 0.909915 -0.471321
v -0.721690 0.820579 -0.560657
v -0.721690 0.909915 -0.471321
v -0.755147 0.820579 -1.191913
v -0.755147 0.909915 -1.281250
v -0.721690 0.820579 -1.191913
v -0.721690 0.909915 -1.281250
v -0.755147 0.999269 0.471321
v -0.721690 0.999269 0.471321
v -0.755147 0.999269 1.281250
v -0.721690 0.999269 1.281250
v -0.755147 0.820579 0.560657
v -0.755147 0.909915 0.471321
v -0.721690 0.820579 0.560657
v -0.721690 0.909915 0.471321
v -0.755147 0.820579 1.191913
v -0.755147 0.909915 1.281250
v -0.721690 0.820579 1.191913
v -0.721690 0.909915 1.281250
vt 0.375000 0.124987
vt 0.625000 0.124988
vt 0.625000 0.250000
vt 0.375000 0.250000
vt 0.625000 0.500000
vt 0.375000 0.500000
vt 0.625000 0.625012
vt 0.375000 0.625012
vt 0.375000 0.777578
vt 0.625000 0.777575
vt 0.625000 0.972425
vt 0.375000 0.972426
vt 0.652575 -0.000000
vt 0.847425 -0.000000
vt 0.875000 0.124988
vt 0.875000 0.250000
vt 0.125000 0.124988
vt 0.152575 -0.000000
vt 0.347425 -0.000000
vt 0.125000 0.250000
vt 0.375000 0.124987
vt 0.375000 0.250000
vt 0.625000 0.250000
vt 0.625000 0.124988
vt 0.375000 0.500000
vt 0.625000 0.500000
vt 0.375000 0.625012
vt 0.625000 0.625012
vt 0.375000 0.777578
vt 0.375000 0.972426
vt 0.625000 0.972425
vt 0.625000 0.777575
vt 0.875000 0.250000
vt 0.875000 0.124988
vt 0.847425 -0.000000
vt 0.652575 -0.000000
vt 0.125000 0.124988
vt 0.125000 0.250000
vt 0.347425 -0.000000
vt 0.152575 -0.000000
vn 0.000000 0.000000 1.000000
vn 0.000000 0.000000 1.000000
vn 0.000000 0.000000 1.000000
vn 0.000000 0.000000 1.000000
vn 0.000000 1.000000 0.000000
vn 0.000000 1.000000 0.000000
vn 0.000000 1.000000 0.000000
vn 0.000000 1.000000 0.000000
vn 0.000000 0.000000 -1.000000
vn 0.000000 0.000000 -1.000000
vn 0.000000 0.000000 -1.000000
vn 0.000000 0.000000 -1.000000
vn 0.000000 -1.000000 0.000000
vn 0.000000 -1.000000 0.000000
vn 0.000000 -1.000000 0.000000
vn 0.000000 -1.000000 0.000000
vn 1.000000 0.000000 0.000000
vn 1.000000 0.000000 0.000000
vn 1.000000 0.000000 0.000000
vn 1.000000 0.000000 0.000000
vn 1.000000 0.000000 0.000000
vn 1.000000 0.000000 0.000000
vn -1.000000 -0.000000 0.000000
vn -1.000000 -0.000000 0.000000
vn -1.000000 -0.000000 0.000000
vn -1.000000 -0.000000 0.000000
vn -1.000000 -0.000000 0.000000
vn -1.000000 -0.000000 0.000000
vn 0.000000 -0.707106 0.707108
vn 0.000000 -0.707106 0.707108
vn 0.000000 -0.707106 0.707108
vn 0.000000 -0.707106 0.707108
vn 0.000000 -0.707107 -0.707107
vn 0.000000 -0.707107 -0.707107
vn 0.000000 -0.707107 -0.707107
vn 0.000000 -0.707107 -0.707107
vn 0.000000 0.000000 -1.000000
vn 0.000000 0.000000 -1.000000
vn 0.000000 0.000000 -1.000000
vn 0.000000 0.000000 -1.000000
vn 0.000000 1.000000 0.000000
vn 0.000000 1.000000 0.000000
vn 0.000000 1.000000 0.000000
vn 0.000000 1.000000 0.000000
vn 0.000000 0.000000 1.000000
vn 0.000000 0.000000 1.000000
vn 0.000000 0.000000 1.000000
vn 0.000000 0.000000 1.000000
vn 0.000000 -1.000000 0.000000
vn 0.000000 -1.000000 0.000000
vn 0.000000 -1.000000 0.000000
vn 0.000000 -1.000000 0.000000
vn 1.000000 0.000000 0.000000
vn 1.000000 0.000000 0.000000
vn 1.000000 0.000000 0.000000
vn 1.000000 0.000000 0.000000
vn 1.000000 0.000000 0.000000
vn 1.000000 0.000000 0.000000
vn -1.000000 0.000000 0.000000
vn -1.000000 0.000000 0.000000
vn -1.000000 0.000000 0.000000
vn -1.000000 0.000000 0.000000
vn -1.000000 0.000000 0.000000
vn -1.000000 0.000000 0.000000
vn 0.000000 -0.707107 -0.707107
vn 0.000000 -0.707107 -0.707107
vn 0.000000 -0.707107 -0.707107
vn 0.000000 -0.707107 -0.707107
vn 0.000000 -0.707107 0.707107
vn 0.000000 -0.707107 0.707107
vn 0.000000 -0.707107 0.707107
vn 0.000000 -0.707107 0.707107
s off
g polySurface5
usemtl lambert4SG
f 110/133/385 112/134/386 106/135/387 105/136/388
f 105/136/389 106/135/390 108/137/391 107/138/392
f 107/138/393 108/137/394 116/139/395 114/140/396
f 113/141/397 115/142/398 111/143/399 109/144/400
f 112/134/401 111/145/402 115/146/403 116/147/404 108/148/405 106/135/406
f 114/149/407 113/150/408 109/151/409 110/133/410 105/136/411 107/152/412
f 110/133/413 109/151/414 111/145/415 112/134/416
f 113/141/417 114/140/418 116/139/419 115/142/420
f 122/153/421 117/154/422 118/155/423 124/156/424
f 117/154/425 119/157/426 120/158/427 118/155/428
f 119/157/429 126/159/430 128/160/431 120/158/432
f 125/161/433 121/162/434 123/163/435 127/164/436
f 124/156/437 118/155/438 120/165/439 128/166/440 127/167/441 123/168/442
f 126/169/443 119/170/444 117/154/445 122/153/446 121/171/447 125/172/448
f 122/153/449 124/156/450 123/168/451 121/171/452
f 125/161/453 127/164/454 128/160/455 126/159/456
g default
v -0.731235 1.007236 1.308278
v -0.658119 1.007236 1.381395
v -0.731235 1.403054 1.308278
v -0.658119 1.376007 1.381395
v 0.731235 1.007236 1.308278
v 0.658119 1.007236 1.381395
v 0.658119 1.376007 1.381395
v 0.731236 1.403054 1.308278
v -0.658119 1.376007 -1.381395
v -0.731235 1.403054 -1.308278
v -0.731235 1.007236 -1.308278
v -0.658119 1.007236 -1.381395
v 0.731236 1.403054 -1.308278
v 0.658119 1.376007 -1.381395
v 0.731235 1.007236 -1.308278
v 0.658119 1.007236 -1.381395
v -0.383176 1.696784 1.381395
v -0.416806 1.769901 1.308278
v 0.383176 1.696784 1.381395
v 0.416806 1.769901 1.308278
v 0.416806 1.769901 -1.308278
v 0.383176 1.696784 -1.381395
v -0.383176 1.696784 -1.381395
v -0.416806 1.769901 -1.308278
v 0.747783 1.006164 1.064262
v 0.725286 1.006164 1.064262
v 0.725286 1.006164 0.724473
v 0.747783 1.006164 0.724473
v 0.725286 1.199506 1.064262
v 0.725286 1.284445 0.979324
v 0.747783 1.199506 1.064262
v 0.747783 1.284445 0.979324
v 0.725286 1.199506 0.724473
v 0.725286 1.284445 0.809412
v 0.747783 1.199506 0.724473
v 0.747783 1.284445 0.809412
v 0.747783 1.006164 -1.064262
v 0.725286 1.006164 -1.064262
v 0.725286 1.006164 -0.724473
v 0.747783 1.006164 -0.724473
v 0.725286 1.199506 -1.064262
v 0.725286 1.284445 -0.979324
v 0.747783 1.199506 -1.064262
v 0.747783 1.284445 -0.979324
v 0.725286 1.199506 -0.724473
v 0.725286 1.284445 -0.809412
v 0.747783 1.199506 -0.724473
v 0.747783 1.284445 -0.809412
v 0.747783 1.062240 0.801100
v 0.747783 1.062240 0.987635
v 0.747783 1.168379 0.801100
v 0.747783 1.215009 0.847729
v 0.747783 1.215009 0.941006
v 0.747783 1.168379 0.987635
v 0.747783 1.062240 -0.987635
v 0.747783 1.168379 -0.987635
v 0.747783 1.215009 -0.941006
v 0.747783 1.215009 -0.847729
v 0.747783 1.168379 -0.801100
v 0.747783 1.062240 -0.801100
v 0.770686 1.073691 0.812550
v 0.759236 1.062240 0.801100
v 0.759236 1.062240 0.987635
v 0.770686 1.073691 0.976185
v 0.770686 1.163637 0.812550
v 0.759236 1.168380 0.801100
v 0.770686 1.203558 0.852472
v 0.759235 1.215009 0.847729
v 0.770686 1.203558 0.936263
v 0.759235 1.215009 0.941006
v 0.770686 1.163637 0.976185
v 0.759236 1.168380 0.987635
v 0.759236 1.062240 -0.987635
v 0.770686 1.073691 -0.976185
v 0.770686 1.163637 -0.976185
v 0.759236 1.168380 -0.987635
v 0.770686 1.203559 -0.936263
v 0.759235 1.215009 -0.941006
v 0.770686 1.203559 -0.852472
v 0.759235 1.215009 -0.847729
v 0.770686 1.163637 -0.812550
v 0.759236 1.168380 -0.801100
v 0.770686 1.073691 -0.812550
v 0.759236 1.062240 -0.801100
v 0.742406 0.822000 0.863468
v 0.742406 0.849463 0.833844
v 0.742406 0.849463 0.954092
v 0.742406 0.822000 0.924469
v 0.742406 0.821359 0.893968
v 0.749465 0.821681 0.863308
v 0.749465 0.849463 0.833529
v 0.749465 0.849463 0.954407
v 0.749465 0.821681 0.924628
v 0.749465 0.820908 0.893968
v 0.755834 0.820757 0.862844
v 0.755833 0.849462 0.832615
v 0.755833 0.849462 0.955321
v 0.755834 0.820757 0.925092
v 0.755833 0.819601 0.893968
v 0.760887 0.819318 0.862122
v 0.760887 0.849463 0.831191
v 0.760887 0.849463 0.956745
v 0.760887 0.819318 0.925815
v 0.760887 0.817565 0.893968
v 0.764132 0.817504 0.861212
v 0.764131 0.849463 0.829397
v 0.764131 0.849463 0.958539
v 0.764132 0.817504 0.926725
v 0.764131 0.815000 0.893968
v 0.765249 0.815493 0.860203
v 0.765249 0.849463 0.827408
v 0.765249 0.849463 0.960528
v 0.765249 0.815493 0.927734
v 0.765250 0.812156 0.893968
v 0.764132 0.813482 0.859194
v 0.764131 0.849463 0.825419
v 0.764131 0.849463 0.962517
v 0.764132 0.813482 0.928743
v 0.764132 0.809312 0.893968
v 0.760887 0.811668 0.858284
v 0.760887 0.849463 0.823625
v 0.760887 0.849463 0.964311
v 0.760887 0.811668 0.929653
v 0.760887 0.806747 0.893968
v 0.755833 0.810228 0.857561
v 0.755833 0.849462 0.822201
v 0.755833 0.849462 0.965735
v 0.755833 0.810228 0.930375
v 0.755833 0.804711 0.893968
v 0.749465 0.809304 0.857098
v 0.749465 0.849463 0.821287
v 0.749465 0.849463 0.966649
v 0.749465 0.809304 0.930839
v 0.749465 0.803404 0.893968
v 0.742406 0.808985 0.856938
v 0.742406 0.849463 0.820972
v 0.742406 0.849463 0.966964
v 0.742406 0.808985 0.930999
v 0.742406 0.802953 0.893968
v 0.735348 0.809304 0.857098
v 0.735348 0.849463 0.821287
v 0.735348 0.849463 0.966649
v 0.735348 0.809304 0.930839
v 0.735348 0.803404 0.893968
v 0.728980 0.810228 0.857561
v 0.728979 0.849462 0.822201
v 0.728979 0.849462 0.965735
v 0.728980 0.810228 0.930375
v 0.728979 0.804711 0.893968
v 0.723926 0.811668 0.858284
v 0.723926 0.849463 0.823625
v 0.723926 0.849463 0.964311
v 0.723926 0.811668 0.929653
v 0.723926 0.806747 0.893968
v 0.720682 0.813482 0.859194
v 0.720681 0.849462 0.825419
v 0.720681 0.849462 0.962517
v 0.720682 0.813482 0.928743
v 0.720681 0.809312 0.893968
v 0.719563 0.815493 0.860203
v 0.719563 0.849463 0.827408
v 0.719563 0.849463 0.960528
v 0.719563 0.815493 0.927734
v 0.719563 0.812156 0.893968
v 0.720681 0.817504 0.861212
v 0.720681 0.849462 0.829397
v 0.720681 0.849462 0.958539
v 0.720681 0.817504 0.926725
v 0.720681 0.815000 0.893968
v 0.723926 0.819318 0.862122
v 0.723926 0.849463 0.831191
v 0.723926 0.849463 0.956745
v 0.723926 0.819318 0.925815
v 0.723926 0.817565 0.893968
v 0.728980 0.820757 0.862844
v 0.728979 0.849462 0.832615
v 0.728979 0.849462 0.955321
v 0.728980 0.820757 0.925092
v 0.728980 0.819601 0.893968
v 0.735347 0.821681 0.863308
v 0.735348 0.849463 0.833529
v 0.735348 0.849463 0.954407
v 0.735347 0.821681 0.924628
v 0.735348 0.820908 0.893968
v 0.742406 1.018311 0.832946
v 0.742406 1.079100 0.833754
v 0.749465 1.018311 0.832626
v 0.749465 1.079418 0.833439
v 0.742406 1.104279 0.893968
v 0.749465 1.104729 0.893968
v 0.742406 1.079100 0.954182
v 0.749465 1.079418 0.954498
v 0.742406 1.018311 0.954991
v 0.749465 1.018311 0.955311
v 0.755834 1.018311 0.831698
v 0.755834 1.080343 0.832523
v 0.755833 1.106036 0.893968
v 0.755834 1.080343 0.955413
v 0.755834 1.018311 0.956239
v 0.760887 1.018311 0.830253
v 0.760887 1.081782 0.831097
v 0.760887 1.108072 0.893968
v 0.760887 1.081782 0.956839
v 0.760887 1.018311 0.957684
v 0.764132 1.018311 0.828432
v 0.764132 1.083596 0.829300
v 0.764132 1.110638 0.893968
v 0.764132 1.083596 0.958636
v 0.764132 1.018311 0.959505
v 0.765250 1.018311 0.826413
v 0.765250 1.085607 0.827308
v 0.765250 1.113482 0.893968
v 0.765250 1.085607 0.960628
v 0.765250 1.018311 0.961523
v 0.764132 1.018311 0.824395
v 0.764132 1.087618 0.825316
v 0.764132 1.116326 0.893968
v 0.764132 1.087618 0.962620
v 0.764132 1.018311 0.963542
v 0.760887 1.018311 0.822574
v 0.760887 1.089432 0.823519
v 0.760887 1.118891 0.893968
v 0.760887 1.089432 0.964417
v 0.760887 1.018311 0.965363
v 0.755834 1.018311 0.821128
v 0.755834 1.090871 0.822093
v 0.755833 1.120927 0.893968
v 0.755834 1.090871 0.965843
v 0.755834 1.018311 0.966808
v 0.749465 1.018311 0.820201
v 0.749465 1.091796 0.821178
v 0.749465 1.122234 0.893968
v 0.749465 1.091796 0.966759
v 0.749465 1.018311 0.967736
v 0.742406 1.018311 0.819881
v 0.742406 1.092114 0.820862
v 0.742406 1.122684 0.893968
v 0.742406 1.092114 0.967074
v 0.742406 1.018311 0.968056
v 0.735347 1.018311 0.820201
v 0.735348 1.091795 0.821178
v 0.735348 1.122234 0.893968
v 0.735348 1.091795 0.966759
v 0.735347 1.018311 0.967736
v 0.728980 1.018311 0.821128
v 0.728980 1.090871 0.822093
v 0.728979 1.120926 0.893968
v 0.728980 1.090871 0.965843
v 0.728980 1.018311 0.966808
v 0.723926 1.018311 0.822574
v 0.723926 1.089432 0.823519
v 0.723926 1.118891 0.893968
v 0.723926 1.089432 0.964417
v 0.723926 1.018311 0.965363
v 0.720682 1.018311 0.824395
v 0.720681 1.087618 0.825316
v 0.720681 1.116325 0.893968
v 0.720681 1.087618 0.962620
v 0.720682 1.018311 0.963542
v 0.719563 1.018311 0.826413
v 0.719563 1.085607 0.827308
v 0.719563 1.113482 0.893968
v 0.719563 1.085607 0.960628
v 0.719563 1.018311 0.961523
v 0.720682 1.018311 0.828432
v 0.720682 1.083596 0.829300
v 0.720681 1.110638 0.893968
v 0.720682 1.083596 0.958636
v 0.720682 1.018311 0.959505
v 0.723926 1.018311 0.830253
v 0.723926 1.081782 0.831097
v 0.723926 1.108072 0.893968
v 0.723926 1.081782 0.956839
v 0.723926 1.018311 0.957684
v 0.728980 1.018311 0.831698
v 0.728980 1.080342 0.832523
v 0.728980 1.106037 0.893968
v 0.728980 1.080342 0.955413
v 0.728980 1.018311 0.956239
v 0.735347 1.018311 0.832626
v 0.735347 1.079418 0.833439
v 0.735348 1.104729 0.893968
v 0.735347 1.079418 0.954498
v 0.735347 1.018311 0.955311
v 0.742406 0.822000 -0.863468
v 0.742406 0.849463 -0.833844
v 0.742406 0.849463 -0.954092
v 0.742406 0.822000 -0.924469
v 0.742406 0.821359 -0.893968
v 0.749465 0.821681 -0.863308
v 0.749465 0.849463 -0.833530
v 0.749465 0.849463 -0.954407
v 0.749465 0.821681 -0.924629
v 0.749465 0.820908 -0.893968
v 0.755834 0.820757 -0.862844
v 0.755833 0.849462 -0.832615
v 0.755833 0.849462 -0.955321
v 0.755834 0.820757 -0.925092
v 0.755833 0.819601 -0.893968
v 0.760887 0.819318 -0.862122
v 0.760887 0.849463 -0.831191
v 0.760887 0.849463 -0.956745
v 0.760887 0.819318 -0.925815
v 0.760887 0.817565 -0.893968
v 0.764132 0.817504 -0.861212
v 0.764131 0.849463 -0.829397
v 0.764131 0.849463 -0.958539
v 0.764132 0.817504 -0.926725
v 0.764131 0.815000 -0.893968
v 0.765249 0.815493 -0.860203
v 0.765249 0.849463 -0.827408
v 0.765249 0.849463 -0.960528
v 0.765249 0.815493 -0.927734
v 0.765250 0.812156 -0.893968
v 0.764132 0.813482 -0.859194
v 0.764131 0.849463 -0.825419
v 0.764131 0.849463 -0.962517
v 0.764132 0.813482 -0.928743
v 0.764132 0.809312 -0.893968
v 0.760887 0.811668 -0.858284
v 0.760887 0.849463 -0.823625
v 0.760887 0.849463 -0.964311
v 0.760887 0.811668 -0.929653
v 0.760887 0.806747 -0.893968
v 0.755833 0.810228 -0.857561
v 0.755833 0.849462 -0.822201
v 0.755833 0.849462 -0.965735
v 0.755833 0.810228 -0.930376
v 0.755833 0.804711 -0.893968
v 0.749465 0.809304 -0.857098
v 0.749465 0.849463 -0.821287
v 0.749465 0.849463 -0.966649
v 0.749465 0.809304 -0.930839
v 0.749465 0.803404 -0.893968
v 0.742406 0.808985 -0.856938
v 0.742406 0.849463 -0.820972
v 0.742406 0.849463 -0.966964
v 0.742406 0.808985 -0.930999
v 0.742406 0.802953 -0.893968
v 0.735348 0.809304 -0.857098
v 0.735348 0.849463 -0.821287
v 0.735348 0.849463 -0.966649
v 0.735348 0.809304 -0.930839
v 0.735348 0.803404 -0.893968
v 0.728980 0.810228 -0.857561
v 0.728979 0.849462 -0.822201
v 0.728979 0.849462 -0.965735
v 0.728980 0.810228 -0.930376
v 0.728979 0.804711 -0.893968
v 0.723926 0.811668 -0.858284
v 0.723926 0.849463 -0.823625
v 0.723926 0.849463 -0.964311
v 0.723926 0.811668 -0.929653
v 0.723926 0.806747 -0.893968
v 0.720682 0.813482 -0.859194
v 0.720681 0.849462 -0.825419
v 0.720681 0.849462 -0.962517
v 0.720682 0.813482 -0.928743
v 0.720681 0.809312 -0.893968
v 0.719563 0.815493 -0.860203
v 0.719563 0.849463 -0.827408
v 0.719563 0.849463 -0.960528
v 0.719563 0.815493 -0.927734
v 0.719563 0.812156 -0.893968
v 0.720681 0.817504 -0.861212
v 0.720681 0.849462 -0.829397
v 0.720681 0.849462 -0.958539
v 0.720681 0.817504 -0.926725
v 0.720681 0.815000 -0.893968
v 0.723926 0.819318 -0.862122
v 0.723926 0.849463 -0.831191
v 0.723926 0.849463 -0.956745
v 0.723926 0.819318 -0.925815
v 0.723926 0.817565 -0.893968
v 0.728980 0.820757 -0.862844
v 0.728979 0.849462 -0.832615
v 0.728979 0.849462 -0.955321
v 0.728980 0.820757 -0.925092
v 0.728980 0.819601 -0.893968
v 0.735347 0.821681 -0.863308
v 0.735348 0.849463 -0.833530
v 0.735348 0.849463 -0.954407
v 0.735347 0.821681 -0.924629
v 0.735348 0.820908 -0.893968
v 0.742406 1.018311 -0.832946
v 0.742406 1.079100 -0.833754
v 0.749465 1.018311 -0.832626
v 0.749465 1.079418 -0.833439
v 0.742406 1.104279 -0.893968
v 0.749465 1.104729 -0.893968
v 0.742406 1.079100 -0.954183
v 0.749465 1.079418 -0.954498
v 0.742406 1.018311 -0.954991
v 0.749465 1.018311 -0.955311
v 0.755834 1.018311 -0.831698
v 0.755834 1.080343 -0.832523
v 0.755833 1.106036 -0.893968
v 0.755834 1.080343 -0.955413
v 0.755834 1.018311 -0.956239
v 0.760887 1.018311 -0.830253
v 0.760887 1.081782 -0.831097
v 0.760887 1.108072 -0.893968
v 0.760887 1.081782 -0.956840
v 0.760887 1.018311 -0.957684
v 0.764132 1.018311 -0.828432
v 0.764132 1.083596 -0.829300
v 0.764132 1.110638 -0.893968
v 0.764132 1.083596 -0.958636
v 0.764132 1.018311 -0.959505
v 0.765250 1.018311 -0.826413
v 0.765250 1.085607 -0.827308
v 0.765250 1.113482 -0.893968
v 0.765250 1.085607 -0.960628
v 0.765250 1.018311 -0.961523
v 0.764132 1.018311 -0.824395
v 0.764132 1.087618 -0.825316
v 0.764132 1.116326 -0.893968
v 0.764132 1.087618 -0.962620
v 0.764132 1.018311 -0.963542
v 0.760887 1.018311 -0.822574
v 0.760887 1.089432 -0.823520
v 0.760887 1.118891 -0.893968
v 0.760887 1.089432 -0.964417
v 0.760887 1.018311 -0.965363
v 0.755834 1.018311 -0.821129
v 0.755834 1.090871 -0.822094
v 0.755833 1.120927 -0.893968
v 0.755834 1.090871 -0.965843
v 0.755834 1.018311 -0.966808
v 0.749465 1.018311 -0.820201
v 0.749465 1.091796 -0.821178
v 0.749465 1.122234 -0.893968
v 0.749465 1.091796 -0.966759
v 0.749465 1.018311 -0.967736
v 0.742406 1.018311 -0.819881
v 0.742406 1.092114 -0.820863
v 0.742406 1.122684 -0.893968
v 0.742406 1.092114 -0.967074
v 0.742406 1.018311 -0.968056
v 0.735347 1.018311 -0.820201
v 0.735348 1.091795 -0.821178
v 0.735348 1.122234 -0.893968
v 0.735348 1.091795 -0.966759
v 0.735347 1.018311 -0.967736
v 0.728980 1.018311 -0.821129
v 0.728980 1.090871 -0.822094
v 0.728979 1.120926 -0.893968
v 0.728980 1.090871 -0.965843
v 0.728980 1.018311 -0.966808
v 0.723926 1.018311 -0.822574
v 0.723926 1.089432 -0.823520
v 0.723926 1.118891 -0.893968
v 0.723926 1.089432 -0.964417
v 0.723926 1.018311 -0.965363
v 0.720682 1.018311 -0.824395
v 0.720681 1.087618 -0.825316
v 0.720681 1.116325 -0.893968
v 0.720681 1.087618 -0.962620
v 0.720682 1.018311 -0.963542
v 0.719563 1.018311 -0.826413
v 0.719563 1.085607 -0.827308
v 0.719563 1.113482 -0.893968
v 0.719563 1.085607 -0.960628
v 0.719563 1.018311 -0.961523
v 0.720682 1.018311 -0.828432
v 0.720682 1.083596 -0.829300
v 0.720681 1.110638 -0.893968
v 0.720682 1.083596 -0.958636
v 0.720682 1.018311 -0.959505
v 0.723926 1.018311 -0.830253
v 0.723926 1.081782 -0.831097
v 0.723926 1.108072 -0.893968
v 0.723926 1.081782 -0.956840
v 0.723926 1.018311 -0.957684
v 0.728980 1.018311 -0.831698
v 0.728980 1.080342 -0.832523
v 0.728980 1.106037 -0.893968
v 0.728980 1.080342 -0.955413
v 0.728980 1.018311 -0.956239
v 0.735347 1.018311 -0.832626
v 0.735347 1.079418 -0.833439
v 0.735348 1.104729 -0.893968
v 0.735347 1.079418 -0.954498
v 0.735347 1.018311 -0.955311
v -0.146132 1.752988 0.698245
v 0.146132 1.752988 0.698245
v -0.146132 1.752988 -0.698245
v 0.146132 1.752988 -0.698245
v -0.146132 1.752988 -0.404543
v 0.146132 1.752988 -0.404543
v -0.146132 1.752988 0.404544
v 0.146132 1.752988 0.404544
v -0.146132 1.780522 0.698245
v -0.118603 1.808051 0.670715
v 0.146132 1.780522 0.698245
v 0.118603 1.808051 0.670715
v -0.146132 1.780522 -0.698245
v -0.118603 1.808051 -0.670715
v 0.146132 1.780522 -0.698245
v 0.118603 1.808051 -0.670715
v -0.146132 1.780522 0.404544
v -0.118603 1.808051 0.404544
v 0.146132 1.780522 0.404544
v 0.118603 1.808051 0.404544
v 0.146132 1.780522 -0.404543
v 0.118603 1.808051 -0.404543
v -0.146132 1.780522 -0.404543
v -0.118603 1.808051 -0.404543
v -0.088939 1.808051 0.640815
v -0.044502 1.808051 0.625925
v -0.074166 1.808052 0.596261
v -0.074166 1.899690 0.596261
v -0.044503 1.899690 0.625925
v 0.088939 1.808051 0.640815
v 0.074166 1.808052 0.596261
v 0.044503 1.808051 0.625925
v 0.074166 1.899690 0.596261
v 0.044503 1.899690 0.625925
v 0.085147 1.808051 0.458992
v 0.044503 1.808051 0.476863
v 0.074166 1.808052 0.506527
v 0.044503 1.899690 0.476863
v 0.074166 1.899690 0.506527
v -0.085147 1.808051 0.458992
v -0.074166 1.808052 0.506527
v -0.044502 1.808051 0.476863
v -0.074166 1.899690 0.506527
v -0.044503 1.899690 0.476863
v 0.085147 1.808051 -0.458992
v 0.074166 1.808052 -0.506527
v 0.044503 1.808051 -0.476863
v 0.074166 1.899690 -0.506527
v 0.044503 1.899690 -0.476863
v -0.085147 1.808051 -0.458992
v -0.044502 1.808051 -0.476863
v -0.074166 1.808052 -0.506527
v -0.074166 1.899690 -0.506527
v -0.044503 1.899690 -0.476863
v 0.088939 1.808051 -0.640815
v 0.044503 1.808051 -0.625925
v 0.074166 1.808052 -0.596261
v 0.044503 1.899690 -0.625925
v 0.074166 1.899690 -0.596261
v -0.088939 1.808051 -0.640815
v -0.074166 1.808052 -0.596261
v -0.044502 1.808051 -0.625925
v -0.074166 1.899690 -0.596261
v -0.044503 1.899690 -0.625925
v 0.000000 2.255815 -0.218163
v 0.000000 2.255815 0.218163
v 0.080994 2.282131 -0.201342
v 0.064797 2.276869 -0.218163
v 0.068898 2.305872 -0.201342
v 0.055120 2.295862 -0.218163
v 0.050057 2.324713 -0.201342
v 0.040047 2.310935 -0.218163
v 0.026317 2.336809 -0.201342
v 0.021054 2.320612 -0.218163
v 0.000000 2.340977 -0.201342
v 0.000000 2.323947 -0.218163
v -0.026317 2.336809 -0.201342
v -0.021054 2.320612 -0.218163
v -0.050057 2.324713 -0.201342
v -0.040047 2.310935 -0.218163
v -0.068898 2.305872 -0.201342
v -0.055120 2.295862 -0.218163
v -0.080994 2.282131 -0.201342
v -0.064798 2.276868 -0.218163
v -0.085163 2.255815 -0.201342
v -0.068132 2.255815 -0.218163
v -0.080994 2.229498 -0.201342
v -0.064798 2.234761 -0.218163
v -0.068898 2.205757 -0.201342
v -0.055120 2.215768 -0.218163
v -0.050057 2.186917 -0.201342
v -0.040047 2.200695 -0.218163
v -0.026317 2.174820 -0.201342
v -0.021054 2.191018 -0.218163
v 0.000000 2.170652 -0.201342
v 0.000000 2.187683 -0.218163
v 0.026317 2.174820 -0.201342
v 0.021054 2.191018 -0.218163
v 0.050057 2.186917 -0.201342
v 0.040047 2.200695 -0.218163
v 0.068898 2.205757 -0.201342
v 0.055120 2.215768 -0.218163
v 0.080994 2.229498 -0.201342
v 0.064797 2.234761 -0.218163
v 0.085163 2.255815 -0.201342
v 0.068132 2.255815 -0.218163
v 0.080994 2.282131 0.201342
v 0.064797 2.276869 0.218163
v 0.068898 2.305872 0.201342
v 0.055120 2.295862 0.218163
v 0.050057 2.324713 0.201342
v 0.040047 2.310935 0.218163
v 0.026317 2.336809 0.201342
v 0.021054 2.320612 0.218163
v 0.000000 2.340977 0.201342
v 0.000000 2.323947 0.218163
v -0.026317 2.336809 0.201342
v -0.021054 2.320612 0.218163
v -0.050057 2.324713 0.201342
v -0.040047 2.310935 0.218163
v -0.068898 2.305872 0.201342
v -0.055120 2.295862 0.218163
v -0.080994 2.282131 0.201342
v -0.064798 2.276868 0.218163
v -0.085163 2.255815 0.201342
v -0.068132 2.255815 0.218163
v -0.080994 2.229498 0.201342
v -0.064798 2.234761 0.218163
v -0.068898 2.205757 0.201342
v -0.055120 2.215768 0.218163
v -0.050057 2.186917 0.201342
v -0.040047 2.200695 0.218163
v -0.026317 2.174820 0.201342
v -0.021054 2.191018 0.218163
v 0.000000 2.170652 0.201342
v 0.000000 2.187683 0.218163
v 0.026317 2.174820 0.201342
v 0.021054 2.191018 0.218163
v 0.050057 2.186917 0.201342
v 0.040047 2.200695 0.218163
v 0.068898 2.205757 0.201342
v 0.055120 2.215768 0.218163
v 0.080994 2.229498 0.201342
v 0.064797 2.234761 0.218163
v 0.085163 2.255815 0.201342
v 0.068132 2.255815 0.218163
v -0.000000 1.898424 0.473435
v -0.000000 2.010318 0.451178
v -0.000000 2.105176 0.387796
v -0.000000 2.168558 0.292938
v 0.000000 2.190815 0.181045
v -0.027973 1.898425 0.478999
v -0.027974 2.012447 0.456319
v -0.027973 2.109110 0.391731
v -0.027973 2.173699 0.295067
v -0.027973 2.196380 0.181045
v -0.051688 1.898424 0.494845
v -0.051688 2.018511 0.470958
v -0.051688 2.120315 0.402935
v -0.051688 2.188339 0.301131
v -0.051688 2.212225 0.181045
v -0.067533 1.898425 0.518560
v -0.067533 2.027586 0.492868
v -0.067533 2.137084 0.419704
v -0.067533 2.210248 0.310206
v -0.067534 2.235940 0.181045
v -0.073098 1.898424 0.546533
v -0.073098 2.038291 0.518712
v -0.073098 2.156864 0.439484
v -0.073098 2.236092 0.320911
v -0.073098 2.263913 0.181045
v -0.067533 1.898425 0.574506
v -0.067533 2.048996 0.544556
v -0.067534 2.176644 0.459264
v -0.067533 2.261936 0.331616
v -0.067533 2.291886 0.181045
v -0.051688 1.898424 0.598221
v -0.051688 2.058071 0.566465
v -0.051688 2.193412 0.476033
v -0.051688 2.283845 0.340691
v -0.051688 2.315601 0.181045
v -0.027973 1.898425 0.614066
v -0.027973 2.064135 0.581104
v -0.027973 2.204617 0.487237
v -0.027973 2.298485 0.346755
v -0.027973 2.331446 0.181045
v 0.000000 1.898425 0.619630
v -0.000000 2.066264 0.586245
v -0.000000 2.208551 0.491172
v 0.000000 2.303625 0.348884
v 0.000000 2.337010 0.181045
v 0.027973 1.898425 0.614066
v 0.027973 2.064135 0.581104
v 0.027973 2.204617 0.487237
v 0.027973 2.298484 0.346755
v 0.027973 2.331446 0.181045
v 0.051688 1.898425 0.598221
v 0.051688 2.058071 0.566465
v 0.051688 2.193412 0.476033
v 0.051688 2.283845 0.340691
v 0.051688 2.315600 0.181045
v 0.067533 1.898425 0.574506
v 0.067533 2.048996 0.544556
v 0.067533 2.176644 0.459264
v 0.067533 2.261936 0.331616
v 0.067533 2.291886 0.181045
v 0.073098 1.898425 0.546533
v 0.073098 2.038291 0.518712
v 0.073098 2.156864 0.439484
v 0.073098 2.236092 0.320911
v 0.073098 2.263913 0.181045
v 0.067533 1.898425 0.518560
v 0.067533 2.027586 0.492868
v 0.067534 2.137084 0.419704
v 0.067533 2.210248 0.310206
v 0.067533 2.235940 0.181045
v 0.051688 1.898425 0.494845
v 0.051688 2.018511 0.470958
v 0.051688 2.120315 0.402935
v 0.051688 2.188338 0.301131
v 0.051688 2.212225 0.181045
v 0.027973 1.898425 0.478999
v 0.027973 2.012447 0.456319
v 0.027973 2.109111 0.391731
v 0.027973 2.173699 0.295067
v 0.027973 2.196380 0.181045
v -0.000000 2.168558 -0.289436
v -0.000000 2.105176 -0.384294
v -0.027973 2.173699 -0.291565
v -0.027973 2.109111 -0.388229
v 0.000000 2.010318 -0.447676
v -0.027973 2.012447 -0.452817
v 0.000000 1.898425 -0.469933
v -0.027973 1.898425 -0.475498
v 0.000000 2.190815 -0.177543
v -0.027973 2.196380 -0.177543
v -0.051688 2.188339 -0.297629
v -0.051688 2.120315 -0.399433
v -0.051688 2.018511 -0.467456
v -0.051688 1.898425 -0.491343
v -0.051688 2.212225 -0.177543
v -0.067533 2.210248 -0.306704
v -0.067533 2.137084 -0.416202
v -0.067533 2.027586 -0.489366
v -0.067533 1.898425 -0.515058
v -0.067534 2.235940 -0.177543
v -0.073098 2.236092 -0.317409
v -0.073098 2.156864 -0.435982
v -0.073098 2.038291 -0.515210
v -0.073098 1.898425 -0.543031
v -0.073098 2.263913 -0.177543
v -0.067533 2.261936 -0.328114
v -0.067533 2.176644 -0.455762
v -0.067534 2.048996 -0.541054
v -0.067533 1.898425 -0.571004
v -0.067533 2.291886 -0.177543
v -0.051688 2.283845 -0.337189
v -0.051688 2.193413 -0.472531
v -0.051688 2.058071 -0.562963
v -0.051688 1.898425 -0.594719
v -0.051688 2.315601 -0.177543
v -0.027973 2.298485 -0.343253
v -0.027973 2.204617 -0.483735
v -0.027973 2.064135 -0.577603
v -0.027973 1.898425 -0.610564
v -0.027973 2.331446 -0.177543
v 0.000000 2.303625 -0.345382
v 0.000000 2.208552 -0.487670
v 0.000000 2.066265 -0.582743
v 0.000000 1.898425 -0.616129
v 0.000000 2.337010 -0.177543
v 0.027973 2.298485 -0.343253
v 0.027973 2.204617 -0.483735
v 0.027973 2.064135 -0.577602
v 0.027973 1.898425 -0.610564
v 0.027973 2.331446 -0.177543
v 0.051688 2.283845 -0.337189
v 0.051688 2.193413 -0.472531
v 0.051688 2.058071 -0.562963
v 0.051688 1.898425 -0.594719
v 0.051688 2.315600 -0.177543
v 0.067533 2.261936 -0.328114
v 0.067533 2.176644 -0.455762
v 0.067533 2.048996 -0.541054
v 0.067533 1.898425 -0.571004
v 0.067533 2.291886 -0.177543
v 0.073097 2.236091 -0.317409
v 0.073098 2.156864 -0.435982
v 0.073098 2.038291 -0.515210
v 0.073098 1.898425 -0.543031
v 0.073098 2.263913 -0.177543
v 0.067533 2.210248 -0.306704
v 0.067533 2.137084 -0.416202
v 0.067533 2.027586 -0.489366
v 0.067533 1.898425 -0.515058
v 0.067533 2.235940 -0.177543
v 0.051688 2.188339 -0.297629
v 0.051688 2.120315 -0.399433
v 0.051688 2.018511 -0.467456
v 0.051688 1.898425 -0.491343
v 0.051688 2.212225 -0.177543
v 0.027973 2.173699 -0.291565
v 0.027973 2.109111 -0.388229
v 0.027973 2.012447 -0.452817
v 0.027973 1.898425 -0.475498
v 0.027973 2.196380 -0.177543
v -0.755147 1.011005 -0.471321
v -0.721690 1.011006 -0.471321
v -0.755147 1.011005 -1.281250
v -0.721690 1.011006 -1.281250
v -0.755147 1.189696 -0.560657
v -0.755147 1.100360 -0.471321
v -0.721690 1.189696 -0.560657
v -0.721690 1.100360 -0.471321
v -0.755147 1.189696 -1.191913
v -0.755147 1.100360 -1.281250
v -0.721690 1.189696 -1.191913
v -0.721690 1.100360 -1.281250
v -0.755147 1.011005 0.471321
v -0.721690 1.011006 0.471321
v -0.755147 1.011005 1.281250
v -0.721690 1.011006 1.281250
v -0.755147 1.189696 0.560657
v -0.755147 1.100360 0.471321
v -0.721690 1.189696 0.560657
v -0.721690 1.100360 0.471321
v -0.755147 1.189696 1.191913
v -0.755147 1.100360 1.281250
v -0.721690 1.189696 1.191913
v -0.721690 1.100360 1.281250
v -0.766520 1.004958 -1.273870
v -0.766520 1.004958 -0.492263
v -0.733739 1.015610 -1.263658
v -0.743572 1.012415 -1.273870
v -0.738635 1.025218 -1.263658
v -0.746999 1.019141 -1.273870
v -0.746260 1.032844 -1.263658
v -0.752337 1.024479 -1.273870
v -0.755869 1.037740 -1.263658
v -0.759064 1.027907 -1.273870
v -0.766520 1.039427 -1.263658
v -0.766520 1.029087 -1.273870
v -0.777172 1.037740 -1.263658
v -0.773977 1.027907 -1.273870
v -0.786781 1.032844 -1.263658
v -0.780703 1.024479 -1.273870
v -0.794406 1.025218 -1.263658
v -0.786041 1.019141 -1.273870
v -0.799302 1.015610 -1.263658
v -0.789469 1.012415 -1.273870
v -0.800989 1.004958 -1.263658
v -0.790650 1.004958 -1.273870
v -0.799302 0.994307 -1.263658
v -0.789469 0.997502 -1.273870
v -0.794406 0.984698 -1.263658
v -0.786041 0.990776 -1.273870
v -0.786781 0.977073 -1.263658
v -0.780703 0.985438 -1.273870
v -0.777172 0.972177 -1.263658
v -0.773977 0.982010 -1.273870
v -0.766520 0.970490 -1.263658
v -0.766520 0.980829 -1.273870
v -0.755869 0.972177 -1.263658
v -0.759064 0.982010 -1.273870
v -0.746260 0.977073 -1.263658
v -0.752338 0.985437 -1.273870
v -0.738634 0.984698 -1.263658
v -0.746999 0.990776 -1.273870
v -0.733739 0.994307 -1.263658
v -0.743572 0.997502 -1.273870
v -0.732052 1.004959 -1.263658
v -0.742391 1.004958 -1.273870
v -0.733739 1.015610 -0.502475
v -0.743572 1.012415 -0.492263
v -0.738635 1.025218 -0.502475
v -0.746999 1.019141 -0.492263
v -0.746260 1.032844 -0.502475
v -0.752337 1.024479 -0.492263
v -0.755869 1.037740 -0.502475
v -0.759064 1.027907 -0.492263
v -0.766520 1.039427 -0.502475
v -0.766520 1.029087 -0.492263
v -0.777172 1.037740 -0.502475
v -0.773977 1.027907 -0.492263
v -0.786781 1.032844 -0.502475
v -0.780703 1.024479 -0.492263
v -0.794406 1.025218 -0.502475
v -0.786041 1.019141 -0.492263
v -0.799302 1.015610 -0.502475
v -0.789469 1.012415 -0.492263
v -0.800989 1.004958 -0.502475
v -0.790650 1.004958 -0.492263
v -0.799302 0.994307 -0.502475
v -0.789469 0.997502 -0.492263
v -0.794406 0.984698 -0.502475
v -0.786041 0.990776 -0.492263
v -0.786781 0.977073 -0.502475
v -0.780703 0.985438 -0.492263
v -0.777172 0.972177 -0.502475
v -0.773977 0.982010 -0.492263
v -0.766520 0.970490 -0.502475
v -0.766520 0.980829 -0.492263
v -0.755869 0.972177 -0.502475
v -0.759064 0.982010 -0.492263
v -0.746260 0.977073 -0.502475
v -0.752338 0.985437 -0.492263
v -0.738634 0.984698 -0.502475
v -0.746999 0.990776 -0.492263
v -0.733739 0.994307 -0.502475
v -0.743572 0.997502 -0.492263
v -0.732052 1.004959 -0.502475
v -0.742391 1.004958 -0.492263
v -0.766520 1.004958 1.273870
v -0.766520 1.004958 0.492263
v -0.733739 1.015610 1.263658
v -0.743572 1.012415 1.273870
v -0.738635 1.025218 1.263658
v -0.746999 1.019141 1.273870
v -0.746260 1.032844 1.263658
v -0.752337 1.024479 1.273870
v -0.755869 1.037740 1.263658
v -0.759064 1.027907 1.273870
v -0.766520 1.039427 1.263658
v -0.766520 1.029087 1.273870
v -0.777172 1.037740 1.263658
v -0.773977 1.027907 1.273870
v -0.786781 1.032844 1.263658
v -0.780703 1.024479 1.273870
v -0.794406 1.025218 1.263658
v -0.786041 1.019141 1.273870
v -0.799302 1.015610 1.263658
v -0.789469 1.012415 1.273870
v -0.800989 1.004958 1.263658
v -0.790650 1.004958 1.273870
v -0.799302 0.994307 1.263658
v -0.789469 0.997502 1.273870
v -0.794406 0.984698 1.263658
v -0.786041 0.990776 1.273870
v -0.786781 0.977073 1.263658
v -0.780703 0.985438 1.273870
v -0.777172 0.972177 1.263658
v -0.773977 0.982010 1.273870
v -0.766520 0.970490 1.263658
v -0.766520 0.980829 1.273870
v -0.755869 0.972177 1.263658
v -0.759064 0.982010 1.273870
v -0.746260 0.977073 1.263658
v -0.752338 0.985437 1.273870
v -0.738634 0.984698 1.263658
v -0.746999 0.990776 1.273870
v -0.733739 0.994307 1.263658
v -0.743572 0.997502 1.273870
v -0.732052 1.004959 1.263658
v -0.742391 1.004958 1.273870
v -0.733739 1.015610 0.502475
v -0.743572 1.012415 0.492263
v -0.738635 1.025218 0.502475
v -0.746999 1.019141 0.492263
v -0.746260 1.032844 0.502475
v -0.752337 1.024479 0.492263
v -0.755869 1.037740 0.502475
v -0.759064 1.027907 0.492263
v -0.766520 1.039427 0.502475
v -0.766520 1.029087 0.492263
v -0.777172 1.037740 0.502475
v -0.773977 1.027907 0.492263
v -0.786781 1.032844 0.502475
v -0.780703 1.024479 0.492263
v -0.794406 1.025218 0.502475
v -0.786041 1.019141 0.492263
v -0.799302 1.015610 0.502475
v -0.789469 1.012415 0.492263
v -0.800989 1.004958 0.502475
v -0.790650 1.004958 0.492263
v -0.799302 0.994307 0.502475
v -0.789469 0.997502 0.492263
v -0.794406 0.984698 0.502475
v -0.786041 0.990776 0.492263
v -0.786781 0.977073 0.502475
v -0.780703 0.985438 0.492263
v -0.777172 0.972177 0.502475
v -0.773977 0.982010 0.492263
v -0.766520 0.970490 0.502475
v -0.766520 0.980829 0.492263
v -0.755869 0.972177 0.502475
v -0.759064 0.982010 0.492263
v -0.746260 0.977073 0.502475
v -0.752338 0.985437 0.492263
v -0.738634 0.984698 0.502475
v -0.746999 0.990776 0.492263
v -0.733739 0.994307 0.502475
v -0.743572 0.997502 0.492263
v -0.732052 1.004959 0.502475
v -0.742391 1.004958 0.492263
v -0.612548 1.007235 -1.341261
v -0.680601 1.007235 -1.270270
v 0.612548 1.007236 -1.341261
v 0.680601 1.007236 -1.270270
v 0.680601 1.007236 1.270270
v 0.612548 1.007236 1.341261
v -0.612548 1.007235 1.341261
v -0.680601 1.007235 1.270270
v -0.612548 1.418457 -1.341261
v -0.680601 1.418457 -1.270270
v 0.612548 1.418457 -1.341261
v 0.680601 1.418457 -1.270270
v 0.680601 1.418457 1.270270
v 0.612548 1.418457 1.341261
v -0.612548 1.418457 1.341261
v -0.680601 1.418457 1.270270
v -0.297102 1.693019 -1.230027
v -0.330109 1.693019 -1.164923
v 0.297102 1.693019 -1.230027
v 0.330109 1.693019 -1.164923
v 0.330109 1.693019 1.164923
v 0.297102 1.693019 1.230027
v -0.297102 1.693019 1.230027
v -0.330109 1.693019 1.164923
vt 0.625000 0.756616
vt 0.625000 0.993384
vt 0.612501 1.000000
vt 0.387499 1.000000
vt 0.375000 0.993384
vt 0.387499 0.000000
vt 0.375000 0.256616
vt 0.631616 0.000000
vt 0.631616 0.250000
vt 0.375000 0.500000
vt 0.375000 0.756616
vt 0.625000 0.500000
vt 0.625000 0.493384
vt 0.612501 0.750000
vt 0.391462 0.250000
vt 0.608538 0.500000
vt 0.612501 -0.000000
vt 0.612501 0.232917
vt 0.625000 0.256616
vt 0.375000 0.493384
vt 0.387499 0.517083
vt 0.387499 0.750000
vt 0.868384 0.000000
vt 0.868384 0.250000
vt 0.131616 0.250000
vt 0.131616 0.000000
vt 0.368384 0.000000
vt 0.368384 0.250000
vt 0.387499 0.232917
vt 0.596120 0.250000
vt 0.625000 0.256616
vt 0.625000 0.493384
vt 0.612501 0.517083
vt 0.403880 0.500000
vt 0.375000 0.493384
vt 0.375000 0.256616
vt 0.375000 0.312494
vt 0.625000 0.312494
vt 0.625000 0.437506
vt 0.375000 0.437506
vt 0.375000 0.125000
vt 0.625000 0.125000
vt 0.625000 0.211847
vt 0.375000 0.211847
vt 0.125000 0.125000
vt 0.312506 0.250000
vt 0.187494 0.250000
vt 0.125000 0.211847
vt 0.375000 0.538153
vt 0.625000 0.538153
vt 0.625000 0.625000
vt 0.375000 0.625000
vt 0.875000 0.125000
vt 0.375000 0.312494
vt 0.375000 0.437506
vt 0.625000 0.437506
vt 0.625000 0.312494
vt 0.375000 0.125000
vt 0.375000 0.211847
vt 0.625000 0.211847
vt 0.625000 0.125000
vt 0.125000 0.125000
vt 0.125000 0.211847
vt 0.187494 0.250000
vt 0.312506 0.250000
vt 0.375000 0.538153
vt 0.375000 0.625000
vt 0.625000 0.625000
vt 0.625000 0.538153
vt 0.875000 0.125000
vt 0.875000 0.125000
vt 0.625000 0.125000
vt 0.875000 0.211847
vt 0.875000 0.211847
vt 0.812506 0.250000
vt 0.812506 0.250000
vt 0.687494 0.250000
vt 0.687494 0.250000
vt 0.625000 0.211847
vt 0.625000 0.211847
vt 0.625000 0.125000
vt 0.687494 0.250000
vt 0.687494 0.250000
vt 0.812506 0.250000
vt 0.812506 0.250000
vt 0.875000 0.211847
vt 0.875000 0.211847
vt 0.875000 0.125000
vt 0.859654 0.134369
vt 0.875000 0.125000
vt 0.875000 0.211847
vt 0.859654 0.207966
vt 0.640346 0.134369
vt 0.625000 0.125000
vt 0.640346 0.207966
vt 0.625000 0.211847
vt 0.812506 0.250000
vt 0.806150 0.240631
vt 0.687494 0.250000
vt 0.693850 0.240631
vt 0.625000 0.125000
vt 0.640346 0.134369
vt 0.859654 0.134369
vt 0.875000 0.125000
vt 0.625000 0.211847
vt 0.640346 0.207966
vt 0.687494 0.250000
vt 0.693850 0.240631
vt 0.812506 0.250000
vt 0.806150 0.240631
vt 0.875000 0.211847
vt 0.859654 0.207966
vt 0.125000 1.000000
vt 0.000000 1.000000
vt 0.000000 0.950000
vt 0.125000 0.950000
vt 0.250000 1.000000
vt 0.125000 1.000000
vt 0.125000 0.950000
vt 0.250000 0.950000
vt 0.375000 1.000000
vt 0.375000 0.950000
vt 0.500000 1.000000
vt 0.500000 0.950000
vt 0.625000 1.000000
vt 0.625000 0.950000
vt 0.750000 1.000000
vt 0.625000 1.000000
vt 0.625000 0.950000
vt 0.750000 0.950000
vt 0.875000 1.000000
vt 0.875000 0.950000
vt 1.000000 1.000000
vt 1.000000 0.950000
vt 0.000000 0.900000
vt 0.125000 0.900000
vt 0.125000 0.900000
vt 0.250000 0.900000
vt 0.375000 0.900000
vt 0.500000 0.900000
vt 0.625000 0.900000
vt 0.625000 0.900000
vt 0.750000 0.900000
vt 0.875000 0.900000
vt 1.000000 0.900000
vt 0.000000 0.850000
vt 0.125000 0.850000
vt 0.125000 0.850000
vt 0.250000 0.850000
vt 0.375000 0.850000
vt 0.500000 0.850000
vt 0.625000 0.850000
vt 0.625000 0.850000
vt 0.750000 0.850000
vt 0.875000 0.850000
vt 1.000000 0.850000
vt 0.000000 0.800000
vt 0.125000 0.800000
vt 0.125000 0.800000
vt 0.250000 0.800000
vt 0.375000 0.800000
vt 0.500000 0.800000
vt 0.625000 0.800000
vt 0.625000 0.800000
vt 0.750000 0.800000
vt 0.875000 0.800000
vt 1.000000 0.800000
vt 0.000000 0.750000
vt 0.125000 0.750000
vt 0.125000 0.750000
vt 0.250000 0.750000
vt 0.375000 0.750000
vt 0.500000 0.750000
vt 0.625000 0.750000
vt 0.625000 0.750000
vt 0.750000 0.750000
vt 0.875000 0.750000
vt 1.000000 0.750000
vt 0.000000 0.700000
vt 0.125000 0.700000
vt 0.125000 0.700000
vt 0.250000 0.700000
vt 0.375000 0.700000
vt 0.500000 0.700000
vt 0.625000 0.700000
vt 0.625000 0.700000
vt 0.750000 0.700000
vt 0.875000 0.700000
vt 1.000000 0.700000
vt 0.000000 0.650000
vt 0.125000 0.650000
vt 0.125000 0.650000
vt 0.250000 0.650000
vt 0.375000 0.650000
vt 0.500000 0.650000
vt 0.625000 0.650000
vt 0.625000 0.650000
vt 0.750000 0.650000
vt 0.875000 0.650000
vt 1.000000 0.650000
vt 0.000000 0.600000
vt 0.125000 0.600000
vt 0.125000 0.600000
vt 0.250000 0.600000
vt 0.375000 0.600000
vt 0.500000 0.600000
vt 0.625000 0.600000
vt 0.625000 0.600000
vt 0.750000 0.600000
vt 0.875000 0.600000
vt 1.000000 0.600000
vt 0.000000 0.550000
vt 0.125000 0.550000
vt 0.125000 0.550000
vt 0.250000 0.550000
vt 0.375000 0.550000
vt 0.500000 0.550000
vt 0.625000 0.550000
vt 0.625000 0.550000
vt 0.750000 0.550000
vt 0.875000 0.550000
vt 1.000000 0.550000
vt 0.000000 0.500000
vt 0.125000 0.500000
vt 0.125000 0.500000
vt 0.250000 0.500000
vt 0.375000 0.500000
vt 0.500000 0.500000
vt 0.625000 0.500000
vt 0.625000 0.500000
vt 0.750000 0.500000
vt 0.875000 0.500000
vt 1.000000 0.500000
vt 0.000000 0.450000
vt 0.125000 0.450000
vt 0.125000 0.450000
vt 0.250000 0.450000
vt 0.375000 0.450000
vt 0.500000 0.450000
vt 0.625000 0.450000
vt 0.625000 0.450000
vt 0.750000 0.450000
vt 0.875000 0.450000
vt 1.000000 0.450000
vt 0.000000 0.400000
vt 0.125000 0.400000
vt 0.125000 0.400000
vt 0.250000 0.400000
vt 0.375000 0.400000
vt 0.500000 0.400000
vt 0.625000 0.400000
vt 0.625000 0.400000
vt 0.750000 0.400000
vt 0.875000 0.400000
vt 1.000000 0.400000
vt 0.000000 0.350000
vt 0.125000 0.350000
vt 0.125000 0.350000
vt 0.250000 0.350000
vt 0.375000 0.350000
vt 0.500000 0.350000
vt 0.625000 0.350000
vt 0.625000 0.350000
vt 0.750000 0.350000
vt 0.875000 0.350000
vt 1.000000 0.350000
vt 0.000000 0.300000
vt 0.125000 0.300000
vt 0.125000 0.300000
vt 0.250000 0.300000
vt 0.375000 0.300000
vt 0.500000 0.300000
vt 0.625000 0.300000
vt 0.625000 0.300000
vt 0.750000 0.300000
vt 0.875000 0.300000
vt 1.000000 0.300000
vt 0.000000 0.250000
vt 0.125000 0.250000
vt 0.125000 0.250000
vt 0.250000 0.250000
vt 0.375000 0.250000
vt 0.500000 0.250000
vt 0.625000 0.250000
vt 0.625000 0.250000
vt 0.750000 0.250000
vt 0.875000 0.250000
vt 1.000000 0.250000
vt 0.000000 0.200000
vt 0.125000 0.200000
vt 0.125000 0.200000
vt 0.250000 0.200000
vt 0.375000 0.200000
vt 0.500000 0.200000
vt 0.625000 0.200000
vt 0.625000 0.200000
vt 0.750000 0.200000
vt 0.875000 0.200000
vt 1.000000 0.200000
vt 0.000000 0.150000
vt 0.125000 0.150000
vt 0.125000 0.150000
vt 0.250000 0.150000
vt 0.375000 0.150000
vt 0.500000 0.150000
vt 0.625000 0.150000
vt 0.625000 0.150000
vt 0.750000 0.150000
vt 0.875000 0.150000
vt 1.000000 0.150000
vt 0.000000 0.100000
vt 0.125000 0.100000
vt 0.125000 0.100000
vt 0.250000 0.100000
vt 0.375000 0.100000
vt 0.500000 0.100000
vt 0.625000 0.100000
vt 0.625000 0.100000
vt 0.750000 0.100000
vt 0.875000 0.100000
vt 1.000000 0.100000
vt 0.000000 0.050000
vt 0.125000 0.050000
vt 0.125000 0.050000
vt 0.250000 0.050000
vt 0.375000 0.050000
vt 0.500000 0.050000
vt 0.625000 0.050000
vt 0.625000 0.050000
vt 0.750000 0.050000
vt 0.875000 0.050000
vt 1.000000 0.050000
vt 0.000000 -0.000000
vt 0.125000 -0.000000
vt 0.125000 -0.000000
vt 0.250000 -0.000000
vt 0.375000 -0.000000
vt 0.500000 -0.000000
vt 0.625000 -0.000000
vt 0.625000 -0.000000
vt 0.750000 -0.000000
vt 0.875000 -0.000000
vt 1.000000 -0.000000
vt 0.125000 1.000000
vt 0.125000 0.950000
vt 0.000000 0.950000
vt 0.000000 1.000000
vt 0.250000 1.000000
vt 0.250000 0.950000
vt 0.125000 0.950000
vt 0.125000 1.000000
vt 0.375000 1.000000
vt 0.375000 0.950000
vt 0.500000 1.000000
vt 0.500000 0.950000
vt 0.625000 1.000000
vt 0.625000 0.950000
vt 0.750000 1.000000
vt 0.750000 0.950000
vt 0.625000 0.950000
vt 0.625000 1.000000
vt 0.875000 1.000000
vt 0.875000 0.950000
vt 1.000000 1.000000
vt 1.000000 0.950000
vt 0.125000 0.900000
vt 0.000000 0.900000
vt 0.250000 0.900000
vt 0.125000 0.900000
vt 0.375000 0.900000
vt 0.500000 0.900000
vt 0.625000 0.900000
vt 0.750000 0.900000
vt 0.625000 0.900000
vt 0.875000 0.900000
vt 1.000000 0.900000
vt 0.125000 0.850000
vt 0.000000 0.850000
vt 0.250000 0.850000
vt 0.125000 0.850000
vt 0.375000 0.850000
vt 0.500000 0.850000
vt 0.625000 0.850000
vt 0.750000 0.850000
vt 0.625000 0.850000
vt 0.875000 0.850000
vt 1.000000 0.850000
vt 0.125000 0.800000
vt 0.000000 0.800000
vt 0.250000 0.800000
vt 0.125000 0.800000
vt 0.375000 0.800000
vt 0.500000 0.800000
vt 0.625000 0.800000
vt 0.750000 0.800000
vt 0.625000 0.800000
vt 0.875000 0.800000
vt 1.000000 0.800000
vt 0.125000 0.750000
vt 0.000000 0.750000
vt 0.250000 0.750000
vt 0.125000 0.750000
vt 0.375000 0.750000
vt 0.500000 0.750000
vt 0.625000 0.750000
vt 0.750000 0.750000
vt 0.625000 0.750000
vt 0.875000 0.750000
vt 1.000000 0.750000
vt 0.125000 0.700000
vt 0.000000 0.700000
vt 0.250000 0.700000
vt 0.125000 0.700000
vt 0.375000 0.700000
vt 0.500000 0.700000
vt 0.625000 0.700000
vt 0.750000 0.700000
vt 0.625000 0.700000
vt 0.875000 0.700000
vt 1.000000 0.700000
vt 0.125000 0.650000
vt 0.000000 0.650000
vt 0.250000 0.650000
vt 0.125000 0.650000
vt 0.375000 0.650000
vt 0.500000 0.650000
vt 0.625000 0.650000
vt 0.750000 0.650000
vt 0.625000 0.650000
vt 0.875000 0.650000
vt 1.000000 0.650000
vt 0.125000 0.600000
vt 0.000000 0.600000
vt 0.250000 0.600000
vt 0.125000 0.600000
vt 0.375000 0.600000
vt 0.500000 0.600000
vt 0.625000 0.600000
vt 0.750000 0.600000
vt 0.625000 0.600000
vt 0.875000 0.600000
vt 1.000000 0.600000
vt 0.125000 0.550000
vt 0.000000 0.550000
vt 0.250000 0.550000
vt 0.125000 0.550000
vt 0.375000 0.550000
vt 0.500000 0.550000
vt 0.625000 0.550000
vt 0.750000 0.550000
vt 0.625000 0.550000
vt 0.875000 0.550000
vt 1.000000 0.550000
vt 0.125000 0.500000
vt 0.000000 0.500000
vt 0.250000 0.500000
vt 0.125000 0.500000
vt 0.375000 0.500000
vt 0.500000 0.500000
vt 0.625000 0.500000
vt 0.750000 0.500000
vt 0.625000 0.500000
vt 0.875000 0.500000
vt 1.000000 0.500000
vt 0.125000 0.450000
vt 0.000000 0.450000
vt 0.250000 0.450000
vt 0.125000 0.450000
vt 0.375000 0.450000
vt 0.500000 0.450000
vt 0.625000 0.450000
vt 0.750000 0.450000
vt 0.625000 0.450000
vt 0.875000 0.450000
vt 1.000000 0.450000
vt 0.125000 0.400000
vt 0.000000 0.400000
vt 0.250000 0.400000
vt 0.125000 0.400000
vt 0.375000 0.400000
vt 0.500000 0.400000
vt 0.625000 0.400000
vt 0.750000 0.400000
vt 0.625000 0.400000
vt 0.875000 0.400000
vt 1.000000 0.400000
vt 0.125000 0.350000
vt 0.000000 0.350000
vt 0.250000 0.350000
vt 0.125000 0.350000
vt 0.375000 0.350000
vt 0.500000 0.350000
vt 0.625000 0.350000
vt 0.750000 0.350000
vt 0.625000 0.350000
vt 0.875000 0.350000
vt 1.000000 0.350000
vt 0.125000 0.300000
vt 0.000000 0.300000
vt 0.250000 0.300000
vt 0.125000 0.300000
vt 0.375000 0.300000
vt 0.500000 0.300000
vt 0.625000 0.300000
vt 0.750000 0.300000
vt 0.625000 0.300000
vt 0.875000 0.300000
vt 1.000000 0.300000
vt 0.125000 0.250000
vt 0.000000 0.250000
vt 0.250000 0.250000
vt 0.125000 0.250000
vt 0.375000 0.250000
vt 0.500000 0.250000
vt 0.625000 0.250000
vt 0.750000 0.250000
vt 0.625000 0.250000
vt 0.875000 0.250000
vt 1.000000 0.250000
vt 0.125000 0.200000
vt 0.000000 0.200000
vt 0.250000 0.200000
vt 0.125000 0.200000
vt 0.375000 0.200000
vt 0.500000 0.200000
vt 0.625000 0.200000
vt 0.750000 0.200000
vt 0.625000 0.200000
vt 0.875000 0.200000
vt 1.000000 0.200000
vt 0.125000 0.150000
vt 0.000000 0.150000
vt 0.250000 0.150000
vt 0.125000 0.150000
vt 0.375000 0.150000
vt 0.500000 0.150000
vt 0.625000 0.150000
vt 0.750000 0.150000
vt 0.625000 0.150000
vt 0.875000 0.150000
vt 1.000000 0.150000
vt 0.125000 0.100000
vt 0.000000 0.100000
vt 0.250000 0.100000
vt 0.125000 0.100000
vt 0.375000 0.100000
vt 0.500000 0.100000
vt 0.625000 0.100000
vt 0.750000 0.100000
vt 0.625000 0.100000
vt 0.875000 0.100000
vt 1.000000 0.100000
vt 0.125000 0.050000
vt 0.000000 0.050000
vt 0.250000 0.050000
vt 0.125000 0.050000
vt 0.375000 0.050000
vt 0.500000 0.050000
vt 0.625000 0.050000
vt 0.750000 0.050000
vt 0.625000 0.050000
vt 0.875000 0.050000
vt 1.000000 0.050000
vt 0.125000 -0.000000
vt 0.000000 -0.000000
vt 0.250000 -0.000000
vt 0.125000 -0.000000
vt 0.375000 -0.000000
vt 0.500000 -0.000000
vt 0.625000 -0.000000
vt 0.750000 -0.000000
vt 0.625000 -0.000000
vt 0.875000 -0.000000
vt 1.000000 -0.000000
vt 0.375000 0.916667
vt 0.625000 0.916667
vt 0.625000 1.000000
vt 0.375000 1.000000
vt 0.375000 0.750000
vt 0.625000 0.750000
vt 0.625000 0.833333
vt 0.375000 0.833333
vt 0.424995 0.250000
vt 0.424995 0.250000
vt 0.575005 0.250000
vt 0.575005 0.250000
vt 0.625000 0.266584
vt 0.625000 0.266584
vt 0.625000 0.316750
vt 0.625000 0.316750
vt 0.575005 0.333333
vt 0.575005 0.333333
vt 0.424995 0.333333
vt 0.424995 0.333333
vt 0.375000 0.316750
vt 0.375000 0.316750
vt 0.375000 0.266584
vt 0.375000 0.266584
vt 0.424995 0.416667
vt 0.424995 0.416667
vt 0.575005 0.416667
vt 0.575005 0.416667
vt 0.625000 0.433250
vt 0.625000 0.433250
vt 0.625000 0.483416
vt 0.625000 0.483416
vt 0.575005 0.500000
vt 0.575005 0.500000
vt 0.424995 0.500000
vt 0.424995 0.500000
vt 0.375000 0.483416
vt 0.375000 0.483416
vt 0.375000 0.433250
vt 0.375000 0.433250
vt 0.375000 0.125012
vt 0.375115 0.250000
vt 0.291667 0.250000
vt 0.291667 0.125012
vt 0.625000 0.125012
vt 0.624773 0.250000
vt 0.632811 0.250000
vt 0.708333 0.125011
vt 0.708333 0.250000
vt 0.375000 0.624988
vt 0.375227 0.500000
vt 0.624885 0.500000
vt 0.625000 0.624988
vt 0.132811 0.250000
vt 0.125000 0.125012
vt 0.208333 0.125012
vt 0.208333 0.250000
vt 0.875000 0.125012
vt 0.867189 0.250000
vt 0.791667 0.250000
vt 0.791667 0.125012
vt 0.375000 0.333333
vt 0.398548 0.333333
vt 0.398548 0.416667
vt 0.375000 0.416667
vt 0.601452 0.333333
vt 0.625000 0.333333
vt 0.625000 0.416667
vt 0.601452 0.416667
vt 0.375000 0.000000
vt 0.625000 0.000000
vt 0.708333 0.000000
vt 0.291667 0.000000
vt 0.125000 0.000000
vt 0.208333 0.000000
vt 0.791667 0.000000
vt 0.875000 0.000000
vt 0.624925 0.250000
vt 0.375038 0.250000
vt 0.619181 0.333333
vt 0.380819 0.333333
vt 0.619181 0.416667
vt 0.380819 0.416667
vt 0.624962 0.500000
vt 0.375075 0.500000
vt 0.375000 0.326993
vt 0.376250 0.312500
vt 0.386250 0.312500
vt 0.387500 0.326993
vt 0.623750 0.312500
vt 0.625000 0.326993
vt 0.612500 0.326993
vt 0.613750 0.312500
vt 0.388750 0.312500
vt 0.398750 0.312500
vt 0.400000 0.326993
vt 0.401250 0.312500
vt 0.411250 0.312500
vt 0.412500 0.326993
vt 0.413750 0.312500
vt 0.423750 0.312500
vt 0.425000 0.326993
vt 0.426250 0.312500
vt 0.436250 0.312500
vt 0.437500 0.326993
vt 0.438750 0.312500
vt 0.448750 0.312500
vt 0.450000 0.326993
vt 0.451250 0.312500
vt 0.461250 0.312500
vt 0.462500 0.326993
vt 0.463750 0.312500
vt 0.473750 0.312500
vt 0.475000 0.326993
vt 0.476250 0.312500
vt 0.486250 0.312500
vt 0.487500 0.326993
vt 0.488750 0.312500
vt 0.498750 0.312500
vt 0.500000 0.326993
vt 0.501250 0.312500
vt 0.511250 0.312500
vt 0.512500 0.326995
vt 0.513750 0.312500
vt 0.523750 0.312500
vt 0.525000 0.326993
vt 0.526250 0.312500
vt 0.536250 0.312500
vt 0.537500 0.326993
vt 0.538750 0.312500
vt 0.548750 0.312500
vt 0.550000 0.326993
vt 0.551250 0.312500
vt 0.561250 0.312500
vt 0.562500 0.326993
vt 0.563750 0.312500
vt 0.573750 0.312500
vt 0.575000 0.326993
vt 0.576250 0.312500
vt 0.586250 0.312500
vt 0.587500 0.326993
vt 0.588750 0.312500
vt 0.598750 0.312500
vt 0.600000 0.326993
vt 0.601250 0.312500
vt 0.611250 0.312500
vt 0.625000 0.673947
vt 0.623750 0.688440
vt 0.613750 0.688440
vt 0.612500 0.673947
vt 0.376250 0.688440
vt 0.375000 0.673947
vt 0.387500 0.673947
vt 0.386250 0.688440
vt 0.388750 0.688440
vt 0.400000 0.673947
vt 0.398750 0.688440
vt 0.401250 0.688440
vt 0.412500 0.673947
vt 0.411250 0.688440
vt 0.413750 0.688440
vt 0.425000 0.673947
vt 0.423750 0.688440
vt 0.426250 0.688440
vt 0.437500 0.673947
vt 0.436250 0.688440
vt 0.438750 0.688440
vt 0.450000 0.673947
vt 0.448750 0.688440
vt 0.451250 0.688440
vt 0.462500 0.673947
vt 0.461250 0.688440
vt 0.463750 0.688440
vt 0.475000 0.673947
vt 0.473750 0.688440
vt 0.476250 0.688440
vt 0.487500 0.673947
vt 0.486250 0.688440
vt 0.488750 0.688440
vt 0.500000 0.673947
vt 0.498750 0.688440
vt 0.501250 0.688440
vt 0.512500 0.673947
vt 0.511250 0.688440
vt 0.513750 0.688440
vt 0.525000 0.673947
vt 0.523750 0.688440
vt 0.526250 0.688440
vt 0.537500 0.673947
vt 0.536250 0.688440
vt 0.538750 0.688440
vt 0.550000 0.673947
vt 0.548750 0.688440
vt 0.551250 0.688440
vt 0.562500 0.673947
vt 0.561250 0.688440
vt 0.563750 0.688440
vt 0.575000 0.673947
vt 0.573750 0.688440
vt 0.576250 0.688440
vt 0.587500 0.673947
vt 0.586250 0.688440
vt 0.588750 0.688440
vt 0.600000 0.673947
vt 0.598750 0.688440
vt 0.601250 0.688440
vt 0.611250 0.688440
vt 0.601130 0.081525
vt 0.618885 0.116372
vt 0.500000 0.150000
vt 0.573475 0.053870
vt 0.538628 0.036115
vt 0.500000 0.029997
vt 0.461372 0.036115
vt 0.426525 0.053870
vt 0.398870 0.081525
vt 0.381115 0.116372
vt 0.374997 0.155000
vt 0.381115 0.193628
vt 0.398870 0.228475
vt 0.426525 0.256130
vt 0.461372 0.273885
vt 0.500000 0.280004
vt 0.538628 0.273885
vt 0.573475 0.256130
vt 0.601130 0.228475
vt 0.618885 0.193628
vt 0.625004 0.155000
vt 0.618885 0.881128
vt 0.601130 0.915975
vt 0.500000 0.837500
vt 0.573475 0.943630
vt 0.538628 0.961385
vt 0.500000 0.967504
vt 0.461372 0.961385
vt 0.426525 0.943630
vt 0.398870 0.915975
vt 0.381115 0.881128
vt 0.374997 0.842500
vt 0.381115 0.803872
vt 0.398870 0.769025
vt 0.426525 0.741370
vt 0.461372 0.723615
vt 0.500000 0.717497
vt 0.538628 0.723615
vt 0.573475 0.741370
vt 0.601130 0.769025
vt 0.618885 0.803872
vt 0.625004 0.842500
vt 0.062500 1.000000
vt 0.000000 1.000000
vt 0.000000 0.937500
vt 0.062500 0.937500
vt 0.125000 1.000000
vt 0.125000 0.937500
vt 0.187500 1.000000
vt 0.187500 0.937500
vt 0.750000 1.000000
vt 0.687500 1.000000
vt 0.687500 0.937500
vt 0.750000 0.937500
vt 0.812500 1.000000
vt 0.812500 0.937500
vt 0.875000 1.000000
vt 0.875000 0.937500
vt 0.937500 1.000000
vt 0.937500 0.937500
vt 1.000000 1.000000
vt 0.937500 1.000000
vt 0.937500 0.937500
vt 1.000000 0.937500
vt 0.000000 0.875000
vt 0.062500 0.875000
vt 0.125000 0.875000
vt 0.187500 0.875000
vt 0.687500 0.875000
vt 0.750000 0.875000
vt 0.812500 0.875000
vt 0.875000 0.875000
vt 0.937500 0.875000
vt 0.937500 0.875000
vt 1.000000 0.875000
vt 0.000000 0.812500
vt 0.062500 0.812500
vt 0.125000 0.812500
vt 0.187500 0.812500
vt 0.687500 0.812500
vt 0.750000 0.812500
vt 0.812500 0.812500
vt 0.875000 0.812500
vt 0.937500 0.812500
vt 0.937500 0.812500
vt 1.000000 0.812500
vt 0.000000 0.750000
vt 0.062500 0.750000
vt 0.125000 0.750000
vt 0.187500 0.750000
vt 0.687500 0.750000
vt 0.750000 0.750000
vt 0.812500 0.750000
vt 0.875000 0.750000
vt 0.937500 0.750000
vt 0.937500 0.750000
vt 1.000000 0.750000
vt 0.000000 0.687500
vt 0.062500 0.687500
vt 0.125000 0.687500
vt 0.187500 0.687500
vt 0.687500 0.687500
vt 0.750000 0.687500
vt 0.812500 0.687500
vt 0.875000 0.687500
vt 0.937500 0.687500
vt 0.937500 0.687500
vt 1.000000 0.687500
vt 0.000000 0.625000
vt 0.062500 0.625000
vt 0.125000 0.625000
vt 0.187500 0.625000
vt 0.687500 0.625000
vt 0.750000 0.625000
vt 0.812500 0.625000
vt 0.875000 0.625000
vt 0.937500 0.625000
vt 0.937500 0.625000
vt 1.000000 0.625000
vt 0.000000 0.562500
vt 0.062500 0.562500
vt 0.125000 0.562500
vt 0.187500 0.562500
vt 0.687500 0.562500
vt 0.750000 0.562500
vt 0.812500 0.562500
vt 0.875000 0.562500
vt 0.937500 0.562500
vt 0.937500 0.562500
vt 1.000000 0.562500
vt 0.000000 0.500000
vt 0.062500 0.500000
vt 0.125000 0.500000
vt 0.187500 0.500000
vt 0.687500 0.500000
vt 0.750000 0.500000
vt 0.812500 0.500000
vt 0.875000 0.500000
vt 0.937500 0.500000
vt 0.937500 0.500000
vt 1.000000 0.500000
vt 0.000000 0.437500
vt 0.062500 0.437500
vt 0.125000 0.437500
vt 0.187500 0.437500
vt 0.687500 0.437500
vt 0.750000 0.437500
vt 0.812500 0.437500
vt 0.875000 0.437500
vt 0.937500 0.437500
vt 0.937500 0.437500
vt 1.000000 0.437500
vt 0.000000 0.375000
vt 0.062500 0.375000
vt 0.125000 0.375000
vt 0.187500 0.375000
vt 0.687500 0.375000
vt 0.750000 0.375000
vt 0.812500 0.375000
vt 0.875000 0.375000
vt 0.937500 0.375000
vt 0.937500 0.375000
vt 1.000000 0.375000
vt 0.000000 0.312500
vt 0.062500 0.312500
vt 0.125000 0.312500
vt 0.187500 0.312500
vt 0.687500 0.312500
vt 0.750000 0.312500
vt 0.812500 0.312500
vt 0.875000 0.312500
vt 0.937500 0.312500
vt 0.937500 0.312500
vt 1.000000 0.312500
vt 0.000000 0.250000
vt 0.062500 0.250000
vt 0.125000 0.250000
vt 0.187500 0.250000
vt 0.687500 0.250000
vt 0.750000 0.250000
vt 0.812500 0.250000
vt 0.875000 0.250000
vt 0.937500 0.250000
vt 0.937500 0.250000
vt 1.000000 0.250000
vt 0.000000 0.187500
vt 0.062500 0.187500
vt 0.125000 0.187500
vt 0.187500 0.187500
vt 0.687500 0.187500
vt 0.750000 0.187500
vt 0.812500 0.187500
vt 0.875000 0.187500
vt 0.937500 0.187500
vt 0.937500 0.187500
vt 1.000000 0.187500
vt 0.000000 0.125000
vt 0.062500 0.125000
vt 0.125000 0.125000
vt 0.187500 0.125000
vt 0.687500 0.125000
vt 0.750000 0.125000
vt 0.812500 0.125000
vt 0.875000 0.125000
vt 0.937500 0.125000
vt 0.937500 0.125000
vt 1.000000 0.125000
vt 0.000000 0.062500
vt 0.062500 0.062500
vt 0.125000 0.062500
vt 0.187500 0.062500
vt 0.687500 0.062500
vt 0.750000 0.062500
vt 0.812500 0.062500
vt 0.875000 0.062500
vt 0.937500 0.062500
vt 0.937500 0.062500
vt 1.000000 0.062500
vt 0.000000 0.000000
vt 0.062500 0.000000
vt 0.125000 0.000000
vt 0.187500 0.000000
vt 0.687500 0.000000
vt 0.750000 0.000000
vt 0.812500 0.000000
vt 0.875000 0.000000
vt 0.937500 0.000000
vt 0.937500 0.000000
vt 1.000000 0.000000
vt 0.375000 0.124987
vt 0.375000 0.250000
vt 0.625000 0.250000
vt 0.625000 0.124988
vt 0.375000 0.500000
vt 0.625000 0.500000
vt 0.375000 0.625012
vt 0.625000 0.625012
vt 0.375000 0.777578
vt 0.375000 0.972426
vt 0.625000 0.972425
vt 0.625000 0.777575
vt 0.875000 0.250000
vt 0.875000 0.124988
vt 0.847425 -0.000000
vt 0.652575 -0.000000
vt 0.125000 0.124988
vt 0.125000 0.250000
vt 0.347425 -0.000000
vt 0.152575 -0.000000
vt 0.375000 0.124987
vt 0.625000 0.124988
vt 0.625000 0.250000
vt 0.375000 0.250000
vt 0.625000 0.500000
vt 0.375000 0.500000
vt 0.625000 0.625012
vt 0.375000 0.625012
vt 0.375000 0.777578
vt 0.625000 0.777575
vt 0.625000 0.972425
vt 0.375000 0.972426
vt 0.652575 -0.000000
vt 0.847425 -0.000000
vt 0.875000 0.124988
vt 0.875000 0.250000
vt 0.125000 0.124988
vt 0.152575 -0.000000
vt 0.347425 -0.000000
vt 0.125000 0.250000
vt 0.375000 0.317392
vt 0.376870 0.312500
vt 0.385620 0.312500
vt 0.387500 0.317394
vt 0.623120 0.312500
vt 0.625000 0.317414
vt 0.612500 0.317392
vt 0.614370 0.312500
vt 0.389371 0.312500
vt 0.398124 0.312500
vt 0.400000 0.317412
vt 0.401870 0.312500
vt 0.410620 0.312500
vt 0.412500 0.317413
vt 0.414370 0.312500
vt 0.423120 0.312500
vt 0.425000 0.317392
vt 0.426870 0.312500
vt 0.435620 0.312500
vt 0.437500 0.317392
vt 0.439370 0.312500
vt 0.448120 0.312500
vt 0.450000 0.317394
vt 0.451871 0.312500
vt 0.460624 0.312500
vt 0.462500 0.317413
vt 0.464370 0.312500
vt 0.473120 0.312500
vt 0.475000 0.317392
vt 0.476870 0.312500
vt 0.485620 0.312500
vt 0.487500 0.317412
vt 0.489370 0.312500
vt 0.498120 0.312500
vt 0.500000 0.317392
vt 0.501870 0.312500
vt 0.510620 0.312500
vt 0.512500 0.317412
vt 0.514371 0.312500
vt 0.523124 0.312500
vt 0.525000 0.317392
vt 0.526870 0.312500
vt 0.535620 0.312500
vt 0.537500 0.317413
vt 0.539370 0.312500
vt 0.548120 0.312500
vt 0.550000 0.317392
vt 0.551870 0.312500
vt 0.560620 0.312500
vt 0.562500 0.317392
vt 0.564370 0.312500
vt 0.573120 0.312500
vt 0.575000 0.317412
vt 0.576871 0.312500
vt 0.585624 0.312500
vt 0.587500 0.317392
vt 0.589370 0.312500
vt 0.598120 0.312500
vt 0.600000 0.317412
vt 0.601870 0.312500
vt 0.610620 0.312500
vt 0.625000 0.683528
vt 0.623125 0.688440
vt 0.614375 0.688440
vt 0.612500 0.683526
vt 0.376875 0.688440
vt 0.375000 0.683526
vt 0.387500 0.683528
vt 0.385625 0.688440
vt 0.389375 0.688440
vt 0.400000 0.683528
vt 0.398125 0.688440
vt 0.401875 0.688440
vt 0.412500 0.683528
vt 0.410625 0.688440
vt 0.414375 0.688440
vt 0.425000 0.683528
vt 0.423125 0.688440
vt 0.426875 0.688440
vt 0.437500 0.683526
vt 0.435625 0.688440
vt 0.439375 0.688440
vt 0.450000 0.683528
vt 0.448125 0.688440
vt 0.451875 0.688440
vt 0.462500 0.683528
vt 0.460625 0.688440
vt 0.464375 0.688440
vt 0.475000 0.683526
vt 0.473125 0.688440
vt 0.476875 0.688440
vt 0.487500 0.683528
vt 0.485625 0.688440
vt 0.489375 0.688440
vt 0.500000 0.683523
vt 0.498125 0.688440
vt 0.501875 0.688440
vt 0.512500 0.683528
vt 0.510625 0.688440
vt 0.514375 0.688440
vt 0.525000 0.683526
vt 0.523125 0.688440
vt 0.526875 0.688440
vt 0.537500 0.683528
vt 0.535625 0.688440
vt 0.539375 0.688440
vt 0.550000 0.683528
vt 0.548125 0.688440
vt 0.551875 0.688440
vt 0.562500 0.683526
vt 0.560625 0.688440
vt 0.564375 0.688440
vt 0.575000 0.683528
vt 0.573125 0.688440
vt 0.576874 0.688440
vt 0.587500 0.683526
vt 0.585625 0.688440
vt 0.589375 0.688440
vt 0.600000 0.683528
vt 0.598125 0.688440
vt 0.601875 0.688440
vt 0.610625 0.688440
vt 0.588491 0.090083
vt 0.604027 0.120575
vt 0.500000 0.150000
vt 0.564292 0.065885
vt 0.533800 0.050349
vt 0.500000 0.044995
vt 0.466200 0.050348
vt 0.435708 0.065885
vt 0.411509 0.090083
vt 0.395973 0.120575
vt 0.390620 0.154375
vt 0.395973 0.188176
vt 0.411509 0.218667
vt 0.435708 0.242866
vt 0.466199 0.258402
vt 0.500000 0.263755
vt 0.533800 0.258402
vt 0.564292 0.242866
vt 0.588490 0.218667
vt 0.604026 0.188175
vt 0.609380 0.154375
vt 0.604027 0.875676
vt 0.588491 0.906167
vt 0.500000 0.837500
vt 0.564292 0.930366
vt 0.533800 0.945902
vt 0.500000 0.951255
vt 0.466200 0.945902
vt 0.435708 0.930366
vt 0.411509 0.906167
vt 0.395973 0.875676
vt 0.390620 0.841875
vt 0.395973 0.808075
vt 0.411509 0.777583
vt 0.435708 0.753385
vt 0.466199 0.737848
vt 0.500000 0.732495
vt 0.533800 0.737848
vt 0.564292 0.753385
vt 0.588490 0.777583
vt 0.604026 0.808075
vt 0.609380 0.841875
vt 0.375000 0.317392
vt 0.387500 0.317394
vt 0.385620 0.312500
vt 0.376870 0.312500
vt 0.623120 0.312500
vt 0.614370 0.312500
vt 0.612500 0.317392
vt 0.625000 0.317414
vt 0.400000 0.317412
vt 0.398124 0.312500
vt 0.389371 0.312500
vt 0.412500 0.317413
vt 0.410620 0.312500
vt 0.401870 0.312500
vt 0.425000 0.317392
vt 0.423120 0.312500
vt 0.414370 0.312500
vt 0.437500 0.317392
vt 0.435620 0.312500
vt 0.426870 0.312500
vt 0.450000 0.317394
vt 0.448120 0.312500
vt 0.439370 0.312500
vt 0.462500 0.317413
vt 0.460624 0.312500
vt 0.451871 0.312500
vt 0.475000 0.317392
vt 0.473120 0.312500
vt 0.464370 0.312500
vt 0.487500 0.317412
vt 0.485620 0.312500
vt 0.476870 0.312500
vt 0.500000 0.317392
vt 0.498120 0.312500
vt 0.489370 0.312500
vt 0.512500 0.317412
vt 0.510620 0.312500
vt 0.501870 0.312500
vt 0.525000 0.317392
vt 0.523124 0.312500
vt 0.514371 0.312500
vt 0.537500 0.317413
vt 0.535620 0.312500
vt 0.526870 0.312500
vt 0.550000 0.317392
vt 0.548120 0.312500
vt 0.539370 0.312500
vt 0.562500 0.317392
vt 0.560620 0.312500
vt 0.551870 0.312500
vt 0.575000 0.317412
vt 0.573120 0.312500
vt 0.564370 0.312500
vt 0.587500 0.317392
vt 0.585624 0.312500
vt 0.576871 0.312500
vt 0.600000 0.317412
vt 0.598120 0.312500
vt 0.589370 0.312500
vt 0.610620 0.312500
vt 0.601870 0.312500
vt 0.625000 0.683528
vt 0.612500 0.683526
vt 0.614375 0.688440
vt 0.623125 0.688440
vt 0.376875 0.688440
vt 0.385625 0.688440
vt 0.387500 0.683528
vt 0.375000 0.683526
vt 0.389375 0.688440
vt 0.398125 0.688440
vt 0.400000 0.683528
vt 0.401875 0.688440
vt 0.410625 0.688440
vt 0.412500 0.683528
vt 0.414375 0.688440
vt 0.423125 0.688440
vt 0.425000 0.683528
vt 0.426875 0.688440
vt 0.435625 0.688440
vt 0.437500 0.683526
vt 0.439375 0.688440
vt 0.448125 0.688440
vt 0.450000 0.683528
vt 0.451875 0.688440
vt 0.460625 0.688440
vt 0.462500 0.683528
vt 0.464375 0.688440
vt 0.473125 0.688440
vt 0.475000 0.683526
vt 0.476875 0.688440
vt 0.485625 0.688440
vt 0.487500 0.683528
vt 0.489375 0.688440
vt 0.498125 0.688440
vt 0.500000 0.683523
vt 0.501875 0.688440
vt 0.510625 0.688440
vt 0.512500 0.683528
vt 0.514375 0.688440
vt 0.523125 0.688440
vt 0.525000 0.683526
vt 0.526875 0.688440
vt 0.535625 0.688440
vt 0.537500 0.683528
vt 0.539375 0.688440
vt 0.548125 0.688440
vt 0.550000 0.683528
vt 0.551875 0.688440
vt 0.560625 0.688440
vt 0.562500 0.683526
vt 0.564375 0.688440
vt 0.573125 0.688440
vt 0.575000 0.683528
vt 0.576874 0.688440
vt 0.585625 0.688440
vt 0.587500 0.683526
vt 0.589375 0.688440
vt 0.598125 0.688440
vt 0.600000 0.683528
vt 0.601875 0.688440
vt 0.610625 0.688440
vt 0.588491 0.090083
vt 0.500000 0.150000
vt 0.604027 0.120575
vt 0.564292 0.065885
vt 0.533800 0.050349
vt 0.500000 0.044995
vt 0.466200 0.050348
vt 0.435708 0.065885
vt 0.411509 0.090083
vt 0.395973 0.120575
vt 0.390620 0.154375
vt 0.395973 0.188176
vt 0.411509 0.218667
vt 0.435708 0.242866
vt 0.466199 0.258402
vt 0.500000 0.263755
vt 0.533800 0.258402
vt 0.564292 0.242866
vt 0.588490 0.218667
vt 0.604026 0.188175
vt 0.609380 0.154375
vt 0.604027 0.875676
vt 0.500000 0.837500
vt 0.588491 0.906167
vt 0.564292 0.930366
vt 0.533800 0.945902
vt 0.500000 0.951255
vt 0.466200 0.945902
vt 0.435708 0.930366
vt 0.411509 0.906167
vt 0.395973 0.875676
vt 0.390620 0.841875
vt 0.395973 0.808075
vt 0.411509 0.777583
vt 0.435708 0.753385
vt 0.466199 0.737848
vt 0.500000 0.732495
vt 0.533800 0.737848
vt 0.564292 0.753385
vt 0.588490 0.777583
vt 0.604026 0.808075
vt 0.609380 0.841875
vt 0.375000 0.756616
vt 0.387499 0.750000
vt 0.612501 0.750000
vt 0.625000 0.756616
vt 0.625000 0.993384
vt 0.612501 1.000000
vt 0.387499 1.000000
vt 0.375000 0.993384
vt 0.375000 0.756616
vt 0.387499 0.750000
vt 0.612501 0.750000
vt 0.625000 0.756616
vt 0.625000 0.993384
vt 0.612501 1.000000
vt 0.387499 1.000000
vt 0.375000 0.993384
vt 0.375000 0.756616
vt 0.387499 0.750000
vt 0.612501 0.750000
vt 0.625000 0.756616
vt 0.625000 0.993384
vt 0.612501 1.000000
vt 0.387499 1.000000
vt 0.375000 0.993384
vn 0.000000 -1.000000 -0.000000
vn 0.000000 -1.000000 -0.000000
vn 0.000000 -1.000000 -0.000000
vn 0.000000 -1.000000 -0.000000
vn 0.000000 -1.000000 -0.000000
vn 0.000000 -1.000000 -0.000000
vn 0.000000 -1.000000 -0.000000
vn 0.000000 -1.000000 -0.000000
vn -0.707108 -0.000000 0.707106
vn -0.707108 -0.000000 0.707106
vn -0.634043 0.257322 0.729229
vn -0.634043 0.257322 0.729229
vn -0.536884 0.460170 0.707107
vn -0.536884 0.460170 0.707107
vn 0.707107 -0.000000 0.707107
vn 0.707107 -0.000000 0.707107
vn 0.634041 0.257321 0.729231
vn 0.634041 0.257322 0.729231
vn 0.536882 0.460168 0.707109
vn 0.536882 0.460168 0.707109
vn -0.634043 0.257322 -0.729229
vn -0.634043 0.257322 -0.729229
vn -0.536884 0.460170 -0.707106
vn -0.536884 0.460170 -0.707107
vn -0.707108 -0.000000 -0.707106
vn -0.707108 -0.000000 -0.707106
vn 0.634042 0.257321 -0.729231
vn 0.634041 0.257322 -0.729231
vn 0.536882 0.460168 -0.707109
vn 0.536882 0.460168 -0.707109
vn 0.707107 -0.000000 -0.707107
vn 0.707107 -0.000000 -0.707107
vn -0.000000 0.707104 0.707109
vn -0.000000 0.707104 0.707109
vn -0.000000 0.707104 0.707109
vn -0.000000 0.707104 0.707109
vn -0.000000 0.707104 -0.707109
vn -0.000000 0.707104 -0.707109
vn -0.000000 0.707104 -0.707109
vn -0.000000 0.707104 -0.707109
vn 0.000000 0.000000 1.000000
vn 0.000000 0.000000 1.000000
vn 0.000000 0.000000 1.000000
vn 0.000000 0.000000 1.000000
vn -0.000000 1.000000 0.000000
vn -0.000000 1.000000 0.000000
vn -0.000000 1.000000 0.000000
vn -0.000000 1.000000 0.000000
vn 0.000000 0.000000 -1.000000
vn 0.000000 0.000000 -1.000000
vn 0.000000 0.000000 -1.000000
vn 0.000000 0.000000 -1.000000
vn 1.000000 -0.000002 0.000000
vn 1.000000 -0.000002 0.000000
vn 1.000000 -0.000002 0.000000
vn 1.000000 -0.000002 0.000000
vn -1.000000 0.000000 0.000000
vn -1.000000 0.000000 0.000000
vn -1.000000 0.000000 0.000000
vn -1.000000 0.000000 0.000000
vn 0.000000 0.000000 1.000000
vn 0.000000 0.000000 1.000000
vn 0.759268 0.650778 0.000000
vn 0.759268 0.650778 0.000000
vn 0.759268 0.650778 0.000000
vn 0.759268 0.650778 0.000000
vn 0.000000 0.000000 -1.000000
vn 0.000000 0.000000 -1.000000
vn -0.759268 0.650778 0.000000
vn -0.759268 0.650778 0.000000
vn -0.759268 0.650778 0.000000
vn -0.759268 0.650778 0.000000
vn 0.000011 1.000000 0.000000
vn 0.000011 1.000000 0.000000
vn 0.000011 1.000000 0.000000
vn 0.000011 1.000000 0.000000
vn 0.000000 0.000000 1.000000
vn 0.000000 0.000000 1.000000
vn 0.000000 0.000000 1.000000
vn 0.000000 0.000000 1.000000
vn -1.000000 0.000001 0.000000
vn -1.000000 0.000001 0.000000
vn -1.000000 0.000001 0.000000
vn -1.000000 0.000001 0.000000
vn -1.000000 0.000001 0.000000
vn -1.000000 0.000001 0.000000
vn 0.000000 0.000000 -1.000000
vn 0.000000 0.000000 -1.000000
vn 0.000000 0.000000 -1.000000
vn 0.000000 0.000000 -1.000000
vn 0.000005 0.707107 0.707106
vn 0.000005 0.707107 0.707106
vn 0.000005 0.707107 0.707106
vn 0.000005 0.707107 0.707106
vn 0.000006 0.707107 -0.707106
vn 0.000006 0.707107 -0.707106
vn 0.000006 0.707107 -0.707106
vn 0.000006 0.707107 -0.707106
vn 0.000000 -1.000000 0.000000
vn 0.000000 -1.000000 0.000000
vn 0.000000 -1.000000 0.000000
vn 0.000000 -1.000000 0.000000
vn 0.000011 1.000000 0.000000
vn 0.000011 1.000000 0.000000
vn 0.000011 1.000000 0.000000
vn 0.000011 1.000000 0.000000
vn 0.000000 0.000000 -1.000000
vn 0.000000 0.000000 -1.000000
vn 0.000000 0.000000 -1.000000
vn 0.000000 0.000000 -1.000000
vn -1.000000 0.000001 0.000000
vn -1.000000 0.000001 0.000000
vn -1.000000 0.000001 0.000000
vn -1.000000 0.000001 0.000000
vn -1.000000 0.000001 0.000000
vn -1.000000 0.000001 0.000000
vn 0.000000 0.000000 1.000000
vn 0.000000 0.000000 1.000000
vn 0.000000 0.000000 1.000000
vn 0.000000 0.000000 1.000000
vn 0.000006 0.707107 -0.707106
vn 0.000006 0.707107 -0.707106
vn 0.000006 0.707107 -0.707106
vn 0.000006 0.707107 -0.707106
vn 0.000006 0.707107 0.707106
vn 0.000006 0.707107 0.707106
vn 0.000006 0.707107 0.707106
vn 0.000006 0.707107 0.707106
vn 0.000000 -1.000000 0.000000
vn 0.000000 -1.000000 0.000000
vn 0.000000 -1.000000 0.000000
vn 0.000000 -1.000000 0.000000
vn 1.000000 -0.000004 0.000000
vn 1.000000 -0.000004 0.000000
vn 1.000000 -0.000004 0.000000
vn 1.000000 -0.000004 0.000000
vn 1.000000 -0.000001 -0.000001
vn 1.000000 -0.000001 -0.000001
vn 1.000000 -0.000001 -0.000001
vn 1.000000 -0.000001 -0.000001
vn 1.000000 -0.000001 0.000002
vn 1.000000 -0.000001 0.000002
vn 1.000000 -0.000001 0.000002
vn 1.000000 -0.000001 0.000002
vn 1.000000 -0.000003 0.000000
vn 1.000000 -0.000003 0.000000
vn 1.000000 -0.000003 0.000000
vn 1.000000 -0.000003 0.000000
vn 1.000000 -0.000001 -0.000002
vn 1.000000 -0.000001 -0.000002
vn 1.000000 -0.000001 -0.000002
vn 1.000000 -0.000001 -0.000002
vn 1.000000 -0.000001 0.000001
vn 1.000000 -0.000001 0.000001
vn 1.000000 -0.000001 0.000001
vn 1.000000 -0.000001 0.000001
vn 1.000000 -0.000001 -0.000001
vn 1.000000 -0.000001 -0.000001
vn 1.000000 -0.000001 -0.000001
vn 1.000000 -0.000001 -0.000001
vn 1.000000 -0.000001 0.000002
vn 1.000000 -0.000001 0.000002
vn 1.000000 -0.000001 0.000002
vn 1.000000 -0.000001 0.000002
vn 1.000000 -0.000003 0.000000
vn 1.000000 -0.000003 0.000000
vn 1.000000 -0.000003 0.000000
vn 1.000000 -0.000003 0.000000
vn 1.000000 -0.000001 -0.000002
vn 1.000000 -0.000001 -0.000002
vn 1.000000 -0.000001 -0.000002
vn 1.000000 -0.000001 -0.000002
vn 1.000000 -0.000001 0.000001
vn 1.000000 -0.000001 0.000001
vn 1.000000 -0.000001 0.000001
vn 1.000000 -0.000001 0.000001
vn 1.000000 -0.000005 0.000000
vn 1.000000 -0.000005 0.000000
vn 1.000000 -0.000005 0.000000
vn 1.000000 -0.000005 0.000000
vn 0.707104 -0.000001 -0.707109
vn 0.707104 -0.000001 -0.707109
vn 0.707104 -0.000001 -0.707109
vn 0.707104 -0.000001 -0.707109
vn 0.707121 -0.707092 0.000000
vn 0.707121 -0.707092 0.000000
vn 0.707121 -0.707092 0.000000
vn 0.707121 -0.707092 0.000000
vn 0.707109 -0.000001 0.707105
vn 0.707109 -0.000001 0.707105
vn 0.707109 -0.000001 0.707105
vn 0.707109 -0.000001 0.707105
vn 0.707101 0.500008 -0.500001
vn 0.707101 0.500008 -0.500001
vn 0.707101 0.500007 -0.500001
vn 0.707101 0.500008 -0.500001
vn 0.707085 0.707129 0.000000
vn 0.707085 0.707129 0.000000
vn 0.707085 0.707129 0.000000
vn 0.707085 0.707129 0.000000
vn 0.707102 0.500005 0.500002
vn 0.707102 0.500005 0.500002
vn 0.707102 0.500005 0.500002
vn 0.707102 0.500005 0.500002
vn 0.707121 -0.707092 0.000000
vn 0.707121 -0.707092 0.000000
vn 0.707121 -0.707092 0.000000
vn 0.707121 -0.707092 0.000000
vn 0.707109 -0.000001 -0.707105
vn 0.707109 -0.000001 -0.707105
vn 0.707109 -0.000001 -0.707105
vn 0.707109 -0.000001 -0.707105
vn 0.707097 0.500008 -0.500006
vn 0.707097 0.500008 -0.500006
vn 0.707097 0.500008 -0.500006
vn 0.707097 0.500008 -0.500006
vn 0.707081 0.707132 0.000000
vn 0.707081 0.707132 0.000000
vn 0.707081 0.707132 0.000000
vn 0.707081 0.707132 0.000000
vn 0.707098 0.500008 0.500004
vn 0.707098 0.500008 0.500004
vn 0.707098 0.500008 0.500004
vn 0.707098 0.500008 0.500004
vn 0.707104 -0.000001 0.707109
vn 0.707104 -0.000001 0.707109
vn 0.707104 -0.000001 0.707109
vn 0.707104 -0.000001 0.707109
vn 1.000000 -0.000002 0.000000
vn 1.000000 -0.000002 0.000000
vn 1.000000 -0.000002 0.000000
vn 1.000000 -0.000002 0.000000
vn 1.000000 -0.000002 0.000000
vn 1.000000 -0.000002 0.000000
vn 1.000000 -0.000001 0.000000
vn 1.000000 -0.000001 0.000000
vn 1.000000 -0.000001 0.000000
vn 1.000000 -0.000001 0.000000
vn 1.000000 -0.000001 0.000000
vn 1.000000 -0.000001 0.000000
vn -0.000021 -1.000000 0.000000
vn -0.000021 -1.000000 0.000000
vn -0.000021 -1.000000 0.000000
vn -0.000021 -1.000000 0.000000
vn 0.000002 0.000000 -1.000000
vn 0.000002 0.000000 -1.000000
vn 0.000002 0.000000 -1.000000
vn 0.000002 0.000000 -1.000000
vn -0.000005 0.707106 -0.707108
vn -0.000005 0.707106 -0.707108
vn -0.000005 0.707106 -0.707108
vn -0.000005 0.707106 -0.707108
vn 0.000021 1.000000 0.000000
vn 0.000021 1.000000 0.000000
vn 0.000021 1.000000 0.000000
vn 0.000021 1.000000 0.000000
vn -0.000006 0.707106 0.707108
vn -0.000006 0.707106 0.707108
vn -0.000006 0.707106 0.707108
vn -0.000006 0.707106 0.707108
vn 0.000002 0.000000 1.000000
vn 0.000002 0.000000 1.000000
vn 0.000002 0.000000 1.000000
vn 0.000002 0.000000 1.000000
vn -0.000002 0.000000 -1.000000
vn -0.000002 0.000000 -1.000000
vn -0.000002 0.000000 -1.000000
vn -0.000002 0.000000 -1.000000
vn 0.000001 0.707106 -0.707108
vn 0.000001 0.707106 -0.707108
vn 0.000001 0.707106 -0.707108
vn 0.000001 0.707106 -0.707108
vn 0.000021 1.000000 0.000000
vn 0.000021 1.000000 0.000000
vn 0.000021 1.000000 0.000000
vn 0.000021 1.000000 0.000000
vn -0.000004 0.707106 0.707108
vn -0.000004 0.707106 0.707108
vn -0.000004 0.707106 0.707108
vn -0.000004 0.707106 0.707108
vn -0.000003 0.000000 1.000000
vn -0.000003 0.000000 1.000000
vn -0.000003 0.000000 1.000000
vn -0.000003 0.000000 1.000000
vn -0.000021 -1.000000 0.000000
vn -0.000021 -1.000000 0.000000
vn -0.000021 -1.000000 0.000000
vn -0.000021 -1.000000 0.000000
vn -0.000003 0.732272 0.681013
vn -0.000004 0.732271 0.681013
vn 0.081847 0.727815 0.680872
vn 0.082881 0.727704 0.680866
vn 0.000001 -0.013298 0.999912
vn 0.000001 -0.013298 0.999912
vn 0.092799 -0.013240 0.995597
vn 0.095594 -0.013236 0.995332
vn 0.000008 -0.922585 0.385794
vn 0.000008 -0.922585 0.385794
vn 0.122191 -0.915672 0.382903
vn 0.122256 -0.915665 0.382899
vn 0.000008 -0.922585 -0.385793
vn 0.000008 -0.922585 -0.385793
vn 0.122254 -0.915665 -0.382899
vn 0.122189 -0.915672 -0.382903
vn -0.000000 -0.013298 -0.999912
vn 0.000001 -0.013298 -0.999912
vn 0.095596 -0.013237 -0.995332
vn 0.092801 -0.013241 -0.995597
vn 0.000002 0.732272 -0.681013
vn 0.000002 0.732272 -0.681013
vn 0.082885 0.727702 -0.680867
vn 0.081852 0.727813 -0.680873
vn -0.000004 0.999733 -0.023122
vn -0.000005 0.999733 -0.023122
vn 0.113638 0.993158 -0.026918
vn 0.112087 0.993336 -0.026818
vn -0.000005 0.999733 0.023122
vn -0.000004 0.999733 0.023122
vn 0.112085 0.993337 0.026818
vn 0.113635 0.993158 0.026918
vn 0.181768 0.712529 0.677690
vn 0.184737 0.711938 0.677507
vn 0.204137 -0.013017 0.978856
vn 0.212174 -0.012994 0.977146
vn 0.266924 -0.889113 0.371793
vn 0.267100 -0.889068 0.371774
vn 0.267101 -0.889067 -0.371775
vn 0.266925 -0.889112 -0.371794
vn 0.212178 -0.012996 -0.977145
vn 0.204143 -0.013019 -0.978855
vn 0.184732 0.711937 -0.677510
vn 0.181764 0.712527 -0.677693
vn 0.249508 0.967661 -0.037128
vn 0.245376 0.968730 -0.036783
vn 0.245375 0.968730 0.036783
vn 0.249507 0.967661 0.037128
vn 0.335440 0.674777 0.657386
vn 0.344338 0.672065 0.655561
vn 0.367931 -0.012364 0.929771
vn 0.390969 -0.012238 0.920323
vn 0.471071 -0.813810 0.340302
vn 0.471519 -0.813589 0.340210
vn 0.471519 -0.813589 -0.340210
vn 0.471072 -0.813809 -0.340302
vn 0.390972 -0.012240 -0.920321
vn 0.367932 -0.012366 -0.929770
vn 0.344338 0.672065 -0.655561
vn 0.335439 0.674777 -0.657386
vn 0.445254 0.894053 -0.049182
vn 0.434970 0.899126 -0.048712
vn 0.434971 0.899126 0.048712
vn 0.445254 0.894053 0.049181
vn 0.645859 0.539959 0.539732
vn 0.679706 0.518178 0.519126
vn 0.664731 -0.009933 0.747017
vn 0.734520 -0.009022 0.678527
vn 0.787292 -0.568848 0.237872
vn 0.788242 -0.567727 0.237403
vn 0.788239 -0.567732 -0.237404
vn 0.787288 -0.568854 -0.237873
vn 0.734506 -0.009024 -0.678542
vn 0.664722 -0.009935 -0.747025
vn 0.679705 0.518180 -0.519124
vn 0.645861 0.539959 -0.539729
vn 0.765007 0.642306 -0.046989
vn 0.741016 0.669756 -0.048184
vn 0.741015 0.669757 0.048184
vn 0.765007 0.642305 0.046989
vn 0.991095 -0.089151 -0.098911
vn 0.964947 -0.179077 -0.191857
vn 0.999923 0.000167 -0.012377
vn 0.968529 0.003312 -0.248879
vn 0.994765 0.094276 -0.039419
vn 0.994467 0.096915 -0.040522
vn 0.994469 0.096903 0.040523
vn 0.994766 0.094265 0.039419
vn 0.968528 0.003312 0.248884
vn 0.999923 0.000166 0.012383
vn 0.964945 -0.179079 0.191864
vn 0.991094 -0.089152 0.098917
vn 0.994907 -0.099714 0.014714
vn 0.999422 -0.032990 0.008155
vn 0.999422 -0.032999 -0.008155
vn 0.994906 -0.099732 -0.014715
vn 0.576482 -0.557147 -0.597709
vn 0.543775 -0.571819 -0.614273
vn 0.656718 0.010030 -0.754070
vn 0.582537 0.010810 -0.812733
vn 0.716479 0.643602 -0.269135
vn 0.715403 0.644621 -0.269561
vn 0.715399 0.644625 0.269561
vn 0.716474 0.643608 0.269136
vn 0.582532 0.010810 0.812736
vn 0.656716 0.010030 0.754071
vn 0.543765 -0.571825 0.614277
vn 0.576470 -0.557153 0.597714
vn 0.700877 -0.707754 0.088631
vn 0.719261 -0.689413 0.085867
vn 0.719258 -0.689416 -0.085867
vn 0.700874 -0.707757 -0.088630
vn 0.317616 -0.640190 -0.699483
vn 0.310650 -0.641509 -0.701401
vn 0.364683 0.012383 -0.931049
vn 0.340634 0.012504 -0.940113
vn 0.439541 0.828687 -0.346527
vn 0.439069 0.828900 -0.346616
vn 0.439065 0.828903 0.346615
vn 0.439538 0.828689 0.346526
vn 0.340625 0.012504 0.940116
vn 0.364674 0.012383 0.931053
vn 0.310663 -0.641508 0.701396
vn 0.317630 -0.640189 0.699478
vn 0.422754 -0.897571 0.125083
vn 0.427822 -0.895252 0.124473
vn 0.427819 -0.895253 -0.124472
vn 0.422752 -0.897572 -0.125082
vn 0.176956 -0.659035 -0.730999
vn 0.174884 -0.659194 -0.731354
vn 0.202769 0.013022 -0.979140
vn 0.194307 0.013045 -0.980854
vn 0.254416 0.892229 -0.373096
vn 0.254229 0.892274 -0.373115
vn 0.254228 0.892274 0.373115
vn 0.254415 0.892229 0.373096
vn 0.194301 0.013046 0.980855
vn 0.202763 0.013023 0.979141
vn 0.174882 -0.659195 0.731353
vn 0.176954 -0.659036 0.730998
vn 0.242616 -0.959215 0.145064
vn 0.244051 -0.958874 0.144915
vn 0.244051 -0.958874 -0.144916
vn 0.242616 -0.959215 -0.145064
vn 0.080623 -0.663912 -0.743452
vn 0.079951 -0.663928 -0.743510
vn 0.092256 0.013241 -0.995647
vn 0.089298 0.013245 -0.995917
vn 0.117592 0.916185 -0.383115
vn 0.117523 0.916193 -0.383118
vn 0.117525 0.916192 0.383118
vn 0.117594 0.916185 0.383115
vn 0.089304 0.013246 0.995916
vn 0.092261 0.013242 0.995647
vn 0.079952 -0.663927 0.743511
vn 0.080625 -0.663911 0.743453
vn 0.111725 -0.981433 0.155904
vn 0.112149 -0.981389 0.155877
vn 0.112149 -0.981389 -0.155878
vn 0.111726 -0.981433 -0.155904
vn 0.000004 -0.664881 -0.746949
vn 0.000005 -0.664882 -0.746949
vn -0.000002 0.013297 -0.999912
vn -0.000001 0.013297 -0.999912
vn -0.000008 0.922586 -0.385792
vn -0.000008 0.922586 -0.385792
vn -0.000006 0.922585 0.385793
vn -0.000006 0.922585 0.385793
vn 0.000001 0.013299 0.999912
vn -0.000000 0.013299 0.999912
vn 0.000007 -0.664879 0.746951
vn 0.000006 -0.664879 0.746951
vn 0.000004 -0.987214 0.159399
vn 0.000005 -0.987214 0.159399
vn 0.000005 -0.987214 -0.159399
vn 0.000004 -0.987214 -0.159399
vn -0.080630 -0.663911 -0.743452
vn -0.079958 -0.663927 -0.743510
vn -0.092262 0.013241 -0.995647
vn -0.089304 0.013245 -0.995916
vn -0.117591 0.916185 -0.383116
vn -0.117523 0.916192 -0.383120
vn -0.117525 0.916191 0.383121
vn -0.117593 0.916184 0.383118
vn -0.089305 0.013247 0.995916
vn -0.092262 0.013243 0.995647
vn -0.079967 -0.663926 0.743510
vn -0.080639 -0.663910 0.743452
vn -0.111733 -0.981433 0.155903
vn -0.112156 -0.981389 0.155876
vn -0.112156 -0.981389 -0.155877
vn -0.111733 -0.981432 -0.155903
vn -0.176964 -0.659034 -0.730998
vn -0.174894 -0.659193 -0.731353
vn -0.202765 0.013023 -0.979141
vn -0.194308 0.013046 -0.980854
vn -0.254406 0.892230 -0.373100
vn -0.254220 0.892275 -0.373119
vn -0.254220 0.892275 0.373119
vn -0.254406 0.892230 0.373100
vn -0.194304 0.013047 0.980855
vn -0.202762 0.013024 0.979141
vn -0.174897 -0.659194 0.731351
vn -0.176967 -0.659035 0.730996
vn -0.242626 -0.959213 0.145065
vn -0.244062 -0.958871 0.144916
vn -0.244061 -0.958871 -0.144917
vn -0.242626 -0.959213 -0.145066
vn -0.317613 -0.640191 -0.699484
vn -0.310648 -0.641510 -0.701401
vn -0.364672 0.012383 -0.931054
vn -0.340616 0.012503 -0.940120
vn -0.439543 0.828686 -0.346529
vn -0.439070 0.828899 -0.346618
vn -0.439059 0.828905 0.346617
vn -0.439533 0.828691 0.346528
vn -0.340613 0.012504 0.940121
vn -0.364665 0.012383 0.931056
vn -0.310656 -0.641511 0.701396
vn -0.317623 -0.640191 0.699479
vn -0.422765 -0.897566 0.125084
vn -0.427833 -0.895246 0.124474
vn -0.427836 -0.895245 -0.124475
vn -0.422768 -0.897564 -0.125085
vn -0.576442 -0.557171 -0.597725
vn -0.543732 -0.571842 -0.614290
vn -0.656732 0.010027 -0.754058
vn -0.582561 0.010807 -0.812715
vn -0.716483 0.643600 -0.269132
vn -0.715407 0.644617 -0.269558
vn -0.715403 0.644621 0.269558
vn -0.716478 0.643605 0.269133
vn -0.582551 0.010807 0.812722
vn -0.656729 0.010026 0.754060
vn -0.543738 -0.571840 0.614287
vn -0.576445 -0.557171 0.597723
vn -0.700858 -0.707773 0.088634
vn -0.719238 -0.689437 0.085871
vn -0.719241 -0.689433 -0.085871
vn -0.700861 -0.707770 -0.088634
vn -0.991086 -0.089208 -0.098951
vn -0.964924 -0.179147 -0.191906
vn -0.999924 0.000162 -0.012319
vn -0.968529 0.003308 -0.248879
vn -0.994776 0.094179 -0.039386
vn -0.994478 0.096820 -0.040490
vn -0.994479 0.096814 0.040490
vn -0.994776 0.094174 0.039386
vn -0.968533 0.003307 0.248865
vn -0.999924 0.000162 0.012313
vn -0.964922 -0.179160 0.191908
vn -0.991084 -0.089222 0.098954
vn -0.994897 -0.099816 0.014725
vn -0.999419 -0.033086 0.008165
vn -0.999419 -0.033078 -0.008165
vn -0.994897 -0.099816 -0.014726
vn -0.645851 0.539961 0.539738
vn -0.679699 0.518182 0.519131
vn -0.664760 -0.009935 0.746991
vn -0.734523 -0.009025 0.678524
vn -0.787283 -0.568860 0.237874
vn -0.788233 -0.567739 0.237405
vn -0.788233 -0.567740 -0.237405
vn -0.787282 -0.568861 -0.237874
vn -0.734524 -0.009025 -0.678522
vn -0.664758 -0.009936 -0.746993
vn -0.679706 0.518177 -0.519127
vn -0.645862 0.539956 -0.539732
vn -0.765008 0.642304 -0.046992
vn -0.741017 0.669755 -0.048187
vn -0.741017 0.669755 0.048187
vn -0.765008 0.642304 0.046992
vn -0.335437 0.674775 0.657390
vn -0.344332 0.672063 0.655566
vn -0.367925 -0.012366 0.929773
vn -0.390978 -0.012240 0.920319
vn -0.471078 -0.813806 0.340302
vn -0.471526 -0.813585 0.340210
vn -0.471531 -0.813581 -0.340212
vn -0.471084 -0.813802 -0.340304
vn -0.390971 -0.012241 -0.920321
vn -0.367921 -0.012367 -0.929775
vn -0.344339 0.672061 -0.655565
vn -0.335442 0.674773 -0.657390
vn -0.445255 0.894052 -0.049182
vn -0.434970 0.899126 -0.048712
vn -0.434972 0.899125 0.048712
vn -0.445256 0.894051 0.049182
vn -0.181767 0.712526 0.677693
vn -0.184738 0.711936 0.677510
vn -0.204140 -0.013017 0.978855
vn -0.212173 -0.012995 0.977146
vn -0.266943 -0.889107 0.371793
vn -0.267120 -0.889062 0.371774
vn -0.267119 -0.889062 -0.371775
vn -0.266942 -0.889107 -0.371794
vn -0.212180 -0.012997 -0.977144
vn -0.204146 -0.013019 -0.978854
vn -0.184733 0.711934 -0.677513
vn -0.181763 0.712524 -0.677696
vn -0.249506 0.967661 -0.037128
vn -0.245376 0.968730 -0.036783
vn -0.245377 0.968730 0.036783
vn -0.249507 0.967661 0.037128
vn -0.081850 0.727815 0.680872
vn -0.082883 0.727704 0.680866
vn -0.092802 -0.013240 0.995597
vn -0.095599 -0.013237 0.995332
vn -0.122195 -0.915671 0.382904
vn -0.122259 -0.915664 0.382901
vn -0.122255 -0.915664 -0.382900
vn -0.122192 -0.915672 -0.382903
vn -0.095596 -0.013238 -0.995332
vn -0.092799 -0.013241 -0.995597
vn -0.082887 0.727703 -0.680866
vn -0.081855 0.727814 -0.680872
vn -0.113642 0.993157 -0.026919
vn -0.112089 0.993336 -0.026819
vn -0.112089 0.993336 0.026819
vn -0.113642 0.993157 0.026919
vn 0.044898 0.005332 0.998977
vn 0.044898 0.005332 0.998977
vn 0.044898 0.005332 0.998977
vn 0.044898 0.005332 0.998977
vn 0.044911 0.005331 -0.998977
vn 0.044911 0.005331 -0.998977
vn 0.044911 0.005331 -0.998977
vn 0.044911 0.005331 -0.998977
vn 0.143152 0.005335 0.989686
vn 0.143152 0.005335 0.989686
vn 0.143152 0.005335 0.989686
vn 0.143152 0.005335 0.989686
vn 0.143152 0.005336 -0.989686
vn 0.143152 0.005336 -0.989686
vn 0.143152 0.005336 -0.989686
vn 0.143152 0.005336 -0.989686
vn 0.273047 0.005285 0.961986
vn 0.273047 0.005285 0.961986
vn 0.273047 0.005285 0.961986
vn 0.273047 0.005285 0.961986
vn 0.273063 0.005286 -0.961982
vn 0.273063 0.005286 -0.961982
vn 0.273063 0.005286 -0.961982
vn 0.273063 0.005286 -0.961982
vn 0.486679 0.004925 0.873567
vn 0.486679 0.004925 0.873567
vn 0.486679 0.004925 0.873567
vn 0.486679 0.004925 0.873567
vn 0.486697 0.004925 -0.873557
vn 0.486697 0.004925 -0.873557
vn 0.486697 0.004925 -0.873557
vn 0.486697 0.004925 -0.873557
vn 0.873275 0.002826 0.487220
vn 0.873275 0.002826 0.487220
vn 0.873275 0.002826 0.487220
vn 0.873275 0.002826 0.487220
vn 0.873275 0.002826 -0.487220
vn 0.873275 0.002826 -0.487220
vn 0.873275 0.002826 -0.487220
vn 0.873275 0.002826 -0.487220
vn 0.873284 -0.002917 -0.487204
vn 0.873284 -0.002917 -0.487204
vn 0.873284 -0.002917 -0.487204
vn 0.873284 -0.002917 -0.487204
vn 0.873265 -0.002917 0.487236
vn 0.873265 -0.002917 0.487236
vn 0.873265 -0.002917 0.487236
vn 0.873265 -0.002917 0.487236
vn 0.486641 -0.005372 -0.873585
vn 0.486641 -0.005372 -0.873585
vn 0.486641 -0.005372 -0.873585
vn 0.486641 -0.005372 -0.873585
vn 0.486696 -0.005372 0.873555
vn 0.486696 -0.005372 0.873555
vn 0.486696 -0.005372 0.873555
vn 0.486696 -0.005372 0.873555
vn 0.273093 -0.006053 -0.961969
vn 0.273093 -0.006053 -0.961969
vn 0.273093 -0.006053 -0.961969
vn 0.273093 -0.006053 -0.961969
vn 0.273046 -0.006052 0.961982
vn 0.273046 -0.006052 0.961982
vn 0.273046 -0.006052 0.961982
vn 0.273046 -0.006052 0.961982
vn 0.143152 -0.006329 -0.989681
vn 0.143152 -0.006329 -0.989681
vn 0.143152 -0.006329 -0.989681
vn 0.143152 -0.006329 -0.989681
vn 0.143138 -0.006329 0.989683
vn 0.143138 -0.006329 0.989683
vn 0.143138 -0.006329 0.989682
vn 0.143138 -0.006329 0.989682
vn 0.044910 -0.006442 -0.998970
vn 0.044910 -0.006442 -0.998970
vn 0.044910 -0.006442 -0.998970
vn 0.044910 -0.006442 -0.998970
vn 0.044910 -0.006442 0.998970
vn 0.044910 -0.006442 0.998970
vn 0.044910 -0.006442 0.998970
vn 0.044910 -0.006442 0.998970
vn -0.044912 -0.006442 -0.998970
vn -0.044912 -0.006442 -0.998970
vn -0.044912 -0.006442 -0.998970
vn -0.044912 -0.006442 -0.998970
vn -0.044924 -0.006443 0.998970
vn -0.044924 -0.006443 0.998970
vn -0.044924 -0.006443 0.998970
vn -0.044924 -0.006443 0.998970
vn -0.143168 -0.006328 -0.989678
vn -0.143168 -0.006328 -0.989678
vn -0.143168 -0.006328 -0.989678
vn -0.143168 -0.006328 -0.989678
vn -0.143128 -0.006329 0.989684
vn -0.143128 -0.006329 0.989684
vn -0.143128 -0.006329 0.989684
vn -0.143128 -0.006329 0.989684
vn -0.273062 -0.006052 -0.961978
vn -0.273062 -0.006052 -0.961978
vn -0.273062 -0.006052 -0.961978
vn -0.273062 -0.006052 -0.961978
vn -0.273062 -0.006052 0.961978
vn -0.273062 -0.006052 0.961978
vn -0.273062 -0.006052 0.961978
vn -0.273062 -0.006052 0.961978
vn -0.486659 -0.005371 -0.873576
vn -0.486659 -0.005371 -0.873576
vn -0.486659 -0.005371 -0.873576
vn -0.486659 -0.005371 -0.873576
vn -0.486695 -0.005370 0.873555
vn -0.486695 -0.005370 0.873555
vn -0.486695 -0.005370 0.873555
vn -0.486695 -0.005370 0.873555
vn -0.873270 -0.002912 -0.487228
vn -0.873270 -0.002912 -0.487228
vn -0.873270 -0.002912 -0.487228
vn -0.873270 -0.002912 -0.487228
vn -0.873243 -0.002913 0.487277
vn -0.873243 -0.002913 0.487277
vn -0.873243 -0.002913 0.487277
vn -0.873243 -0.002913 0.487277
vn -0.873243 0.002831 0.487277
vn -0.873243 0.002831 0.487277
vn -0.873243 0.002831 0.487277
vn -0.873243 0.002831 0.487277
vn -0.873261 0.002830 -0.487244
vn -0.873261 0.002830 -0.487244
vn -0.873261 0.002830 -0.487244
vn -0.873261 0.002830 -0.487244
vn -0.486678 0.004926 0.873567
vn -0.486678 0.004926 0.873568
vn -0.486678 0.004926 0.873567
vn -0.486678 0.004926 0.873568
vn -0.486696 0.004926 -0.873557
vn -0.486696 0.004926 -0.873557
vn -0.486696 0.004926 -0.873557
vn -0.486696 0.004926 -0.873557
vn -0.273063 0.005286 0.961982
vn -0.273063 0.005286 0.961982
vn -0.273063 0.005286 0.961982
vn -0.273063 0.005286 0.961982
vn -0.273063 0.005287 -0.961982
vn -0.273063 0.005287 -0.961982
vn -0.273063 0.005287 -0.961982
vn -0.273063 0.005287 -0.961982
vn -0.143128 0.005336 0.989690
vn -0.143128 0.005336 0.989690
vn -0.143128 0.005336 0.989690
vn -0.143128 0.005336 0.989690
vn -0.143155 0.005336 -0.989686
vn -0.143155 0.005336 -0.989686
vn -0.143155 0.005336 -0.989686
vn -0.143155 0.005336 -0.989686
vn -0.044912 0.005332 0.998977
vn -0.044912 0.005332 0.998977
vn -0.044912 0.005332 0.998977
vn -0.044912 0.005332 0.998977
vn -0.044900 0.005332 -0.998977
vn -0.044900 0.005332 -0.998977
vn -0.044900 0.005332 -0.998977
vn -0.044900 0.005332 -0.998977
vn -0.000003 0.732271 -0.681014
vn 0.082880 0.727704 -0.680866
vn 0.081846 0.727815 -0.680872
vn -0.000004 0.732271 -0.681014
vn 0.000004 -0.013300 -0.999912
vn 0.095602 -0.013239 -0.995332
vn 0.092807 -0.013242 -0.995596
vn 0.000004 -0.013300 -0.999912
vn 0.000007 -0.922585 -0.385794
vn 0.122256 -0.915664 -0.382901
vn 0.122191 -0.915671 -0.382904
vn 0.000006 -0.922585 -0.385794
vn 0.000010 -0.922586 0.385793
vn 0.122187 -0.915672 0.382903
vn 0.122253 -0.915665 0.382900
vn 0.000010 -0.922586 0.385793
vn -0.000001 -0.013297 0.999912
vn 0.092785 -0.013241 0.995598
vn 0.095580 -0.013237 0.995334
vn -0.000000 -0.013297 0.999912
vn 0.000006 0.732272 0.681012
vn 0.081849 0.727817 0.680870
vn 0.082882 0.727705 0.680864
vn 0.000007 0.732272 0.681012
vn -0.000004 0.999733 0.023122
vn 0.112087 0.993336 0.026818
vn 0.113638 0.993158 0.026918
vn -0.000005 0.999733 0.023122
vn -0.000005 0.999733 -0.023122
vn 0.113636 0.993158 -0.026918
vn 0.112085 0.993337 -0.026819
vn -0.000004 0.999733 -0.023122
vn 0.184731 0.711937 -0.677510
vn 0.181762 0.712527 -0.677693
vn 0.212163 -0.012996 -0.977148
vn 0.204129 -0.013019 -0.978857
vn 0.267100 -0.889068 -0.371774
vn 0.266925 -0.889113 -0.371793
vn 0.266925 -0.889112 0.371793
vn 0.267101 -0.889068 0.371774
vn 0.204124 -0.013019 0.978858
vn 0.212162 -0.012996 0.977148
vn 0.181754 0.712530 0.677692
vn 0.184723 0.711940 0.677509
vn 0.245376 0.968730 0.036784
vn 0.249507 0.967661 0.037129
vn 0.249506 0.967661 -0.037129
vn 0.245375 0.968730 -0.036784
vn 0.344346 0.672060 -0.655562
vn 0.335446 0.674772 -0.657387
vn 0.390980 -0.012240 -0.920318
vn 0.367934 -0.012366 -0.929770
vn 0.471522 -0.813587 -0.340212
vn 0.471074 -0.813807 -0.340304
vn 0.471075 -0.813808 0.340301
vn 0.471521 -0.813588 0.340209
vn 0.367945 -0.012365 0.929765
vn 0.390989 -0.012240 0.920314
vn 0.335440 0.674776 0.657387
vn 0.344340 0.672063 0.655562
vn 0.434968 0.899127 0.048712
vn 0.445251 0.894054 0.049181
vn 0.445253 0.894053 -0.049181
vn 0.434970 0.899127 -0.048712
vn 0.679712 0.518174 -0.519122
vn 0.645866 0.539954 -0.539728
vn 0.734510 -0.009023 -0.678538
vn 0.664733 -0.009934 -0.747015
vn 0.788241 -0.567729 -0.237403
vn 0.787291 -0.568850 -0.237872
vn 0.787292 -0.568848 0.237872
vn 0.788242 -0.567728 0.237404
vn 0.664746 -0.009934 0.747003
vn 0.734525 -0.009023 0.678522
vn 0.645851 0.539963 0.539737
vn 0.679692 0.518187 0.519135
vn 0.741012 0.669760 0.048184
vn 0.765002 0.642311 0.046989
vn 0.765009 0.642303 -0.046989
vn 0.741016 0.669756 -0.048184
vn 0.964946 -0.179082 0.191855
vn 0.991094 -0.089156 0.098911
vn 0.968530 0.003312 0.248874
vn 0.999923 0.000166 0.012378
vn 0.994468 0.096906 0.040522
vn 0.994766 0.094268 0.039419
vn 0.994766 0.094268 -0.039421
vn 0.994469 0.096903 -0.040522
vn 0.999923 0.000166 -0.012374
vn 0.968529 0.003311 -0.248879
vn 0.991093 -0.089160 -0.098916
vn 0.964945 -0.179084 -0.191857
vn 0.999422 -0.033003 -0.008155
vn 0.994906 -0.099730 -0.014714
vn 0.994905 -0.099733 0.014715
vn 0.999422 -0.033003 0.008155
vn 0.543774 -0.571819 0.614275
vn 0.576486 -0.557145 0.597707
vn 0.582544 0.010809 0.812727
vn 0.656730 0.010029 0.754059
vn 0.715403 0.644621 0.269561
vn 0.716478 0.643604 0.269135
vn 0.716479 0.643601 -0.269137
vn 0.715404 0.644619 -0.269562
vn 0.656703 0.010029 -0.754082
vn 0.582520 0.010809 -0.812745
vn 0.576488 -0.557144 -0.597706
vn 0.543773 -0.571819 -0.614275
vn 0.719257 -0.689417 -0.085867
vn 0.700868 -0.707763 -0.088631
vn 0.700872 -0.707759 0.088630
vn 0.719258 -0.689417 0.085867
vn 0.310652 -0.641507 0.701402
vn 0.317617 -0.640188 0.699484
vn 0.340630 0.012503 0.940114
vn 0.364680 0.012382 0.931051
vn 0.439069 0.828900 0.346616
vn 0.439541 0.828687 0.346527
vn 0.439547 0.828684 -0.346528
vn 0.439074 0.828897 -0.346618
vn 0.364675 0.012383 -0.931053
vn 0.340629 0.012503 -0.940115
vn 0.317631 -0.640185 -0.699481
vn 0.310665 -0.641504 -0.701398
vn 0.427819 -0.895253 -0.124471
vn 0.422751 -0.897572 -0.125081
vn 0.422752 -0.897572 0.125082
vn 0.427818 -0.895253 0.124472
vn 0.174879 -0.659194 0.731355
vn 0.176950 -0.659035 0.731001
vn 0.194297 0.013045 0.980856
vn 0.202759 0.013022 0.979142
vn 0.254228 0.892274 0.373116
vn 0.254416 0.892229 0.373097
vn 0.254415 0.892229 -0.373096
vn 0.254227 0.892274 -0.373115
vn 0.202746 0.013023 -0.979145
vn 0.194281 0.013046 -0.980859
vn 0.176949 -0.659035 -0.731001
vn 0.174876 -0.659194 -0.731356
vn 0.244051 -0.958874 -0.144914
vn 0.242615 -0.959216 -0.145063
vn 0.242613 -0.959216 0.145064
vn 0.244048 -0.958874 0.144916
vn 0.079949 -0.663927 0.743511
vn 0.080622 -0.663911 0.743453
vn 0.089296 0.013246 0.995917
vn 0.092254 0.013242 0.995648
vn 0.117524 0.916192 0.383119
vn 0.117593 0.916185 0.383115
vn 0.117591 0.916186 -0.383114
vn 0.117522 0.916193 -0.383117
vn 0.092242 0.013242 -0.995649
vn 0.089286 0.013245 -0.995918
vn 0.080606 -0.663912 -0.743454
vn 0.079935 -0.663928 -0.743512
vn 0.112146 -0.981390 -0.155877
vn 0.111724 -0.981434 -0.155903
vn 0.111725 -0.981433 0.155904
vn 0.112148 -0.981389 0.155878
vn 0.000005 -0.664879 0.746951
vn 0.000004 -0.664879 0.746951
vn 0.000001 0.013299 0.999912
vn -0.000001 0.013299 0.999912
vn -0.000008 0.922585 0.385793
vn -0.000008 0.922585 0.385793
vn -0.000007 0.922586 -0.385792
vn -0.000007 0.922586 -0.385792
vn -0.000001 0.013298 -0.999912
vn 0.000001 0.013298 -0.999912
vn 0.000004 -0.664878 -0.746952
vn 0.000005 -0.664878 -0.746952
vn 0.000005 -0.987214 -0.159398
vn 0.000004 -0.987214 -0.159398
vn 0.000005 -0.987214 0.159399
vn 0.000006 -0.987214 0.159399
vn -0.079957 -0.663925 0.743512
vn -0.080629 -0.663909 0.743454
vn -0.089301 0.013246 0.995917
vn -0.092258 0.013243 0.995647
vn -0.117524 0.916191 0.383121
vn -0.117592 0.916184 0.383118
vn -0.117590 0.916184 -0.383118
vn -0.117522 0.916192 -0.383121
vn -0.092255 0.013242 -0.995647
vn -0.089298 0.013246 -0.995917
vn -0.080623 -0.663908 -0.743456
vn -0.079952 -0.663924 -0.743514
vn -0.112155 -0.981389 -0.155876
vn -0.111732 -0.981433 -0.155902
vn -0.111733 -0.981433 0.155903
vn -0.112156 -0.981389 0.155877
vn -0.174883 -0.659195 0.731354
vn -0.176953 -0.659036 0.730999
vn -0.194300 0.013046 0.980855
vn -0.202758 0.013023 0.979142
vn -0.254220 0.892274 0.373120
vn -0.254406 0.892229 0.373101
vn -0.254403 0.892231 -0.373101
vn -0.254217 0.892276 -0.373119
vn -0.202754 0.013023 -0.979143
vn -0.194294 0.013046 -0.980857
vn -0.176965 -0.659033 -0.730999
vn -0.174894 -0.659192 -0.731354
vn -0.244063 -0.958870 -0.144916
vn -0.242626 -0.959213 -0.145065
vn -0.242625 -0.959213 0.145066
vn -0.244061 -0.958871 0.144917
vn -0.310645 -0.641512 0.701401
vn -0.317610 -0.640193 0.699483
vn -0.340616 0.012503 0.940119
vn -0.364673 0.012382 0.931054
vn -0.439069 0.828899 0.346619
vn -0.439542 0.828686 0.346529
vn -0.439538 0.828689 -0.346528
vn -0.439063 0.828903 -0.346618
vn -0.364662 0.012382 -0.931058
vn -0.340610 0.012503 -0.940121
vn -0.317620 -0.640190 -0.699481
vn -0.310655 -0.641509 -0.701399
vn -0.427835 -0.895245 -0.124474
vn -0.422767 -0.897564 -0.125085
vn -0.422768 -0.897564 0.125085
vn -0.427835 -0.895245 0.124475
vn -0.543738 -0.571839 0.614287
vn -0.576450 -0.557168 0.597719
vn -0.582571 0.010807 0.812708
vn -0.656744 0.010027 0.754047
vn -0.715405 0.644619 0.269558
vn -0.716480 0.643602 0.269133
vn -0.716477 0.643605 -0.269134
vn -0.715402 0.644622 -0.269559
vn -0.656715 0.010026 -0.754073
vn -0.582541 0.010806 -0.812730
vn -0.576452 -0.557172 -0.597715
vn -0.543734 -0.571846 -0.614285
vn -0.719241 -0.689434 -0.085870
vn -0.700854 -0.707776 -0.088634
vn -0.700861 -0.707770 0.088634
vn -0.719243 -0.689431 0.085871
vn -0.964921 -0.179163 0.191905
vn -0.991084 -0.089224 0.098952
vn -0.968531 0.003308 0.248871
vn -0.999924 0.000162 0.012316
vn -0.994478 0.096819 0.040490
vn -0.994776 0.094180 0.039386
vn -0.994776 0.094182 -0.039387
vn -0.994478 0.096819 -0.040490
vn -0.999924 0.000161 -0.012323
vn -0.968529 0.003307 -0.248879
vn -0.991084 -0.089223 -0.098950
vn -0.964924 -0.179157 -0.191898
vn -0.999420 -0.033076 -0.008165
vn -0.994898 -0.099806 -0.014725
vn -0.994898 -0.099809 0.014725
vn -0.999420 -0.033075 0.008165
vn -0.679697 0.518186 -0.519129
vn -0.645851 0.539966 -0.539735
vn -0.734516 -0.009025 -0.678531
vn -0.664765 -0.009936 -0.746986
vn -0.788234 -0.567738 -0.237404
vn -0.787285 -0.568858 -0.237873
vn -0.787286 -0.568856 0.237872
vn -0.788235 -0.567737 0.237404
vn -0.664780 -0.009935 0.746973
vn -0.734538 -0.009025 0.678508
vn -0.645847 0.539968 0.539737
vn -0.679690 0.518191 0.519134
vn -0.741016 0.669756 0.048188
vn -0.765006 0.642306 0.046993
vn -0.765008 0.642304 -0.046993
vn -0.741016 0.669757 -0.048188
vn -0.344334 0.672066 -0.655562
vn -0.335438 0.674777 -0.657387
vn -0.390988 -0.012241 -0.920314
vn -0.367927 -0.012367 -0.929772
vn -0.471528 -0.813583 -0.340211
vn -0.471082 -0.813803 -0.340303
vn -0.471082 -0.813803 0.340303
vn -0.471528 -0.813583 0.340211
vn -0.367939 -0.012367 0.929768
vn -0.390995 -0.012241 0.920311
vn -0.335442 0.674776 0.657386
vn -0.344339 0.672064 0.655561
vn -0.434970 0.899126 0.048712
vn -0.445254 0.894053 0.049182
vn -0.445256 0.894051 -0.049182
vn -0.434972 0.899125 -0.048713
vn -0.184730 0.711937 -0.677511
vn -0.181759 0.712527 -0.677694
vn -0.212161 -0.012997 -0.977148
vn -0.204131 -0.013020 -0.978857
vn -0.267122 -0.889061 -0.371776
vn -0.266944 -0.889106 -0.371795
vn -0.266943 -0.889107 0.371793
vn -0.267121 -0.889061 0.371774
vn -0.204131 -0.013020 0.978857
vn -0.212165 -0.012997 0.977147
vn -0.181766 0.712526 0.677693
vn -0.184736 0.711936 0.677510
vn -0.245377 0.968730 0.036783
vn -0.249507 0.967661 0.037128
vn -0.249508 0.967661 -0.037128
vn -0.245378 0.968729 -0.036783
vn -0.082880 0.727702 -0.680867
vn -0.081848 0.727813 -0.680873
vn -0.095604 -0.013239 -0.995331
vn -0.092807 -0.013243 -0.995596
vn -0.122259 -0.915664 -0.382900
vn -0.122196 -0.915671 -0.382903
vn -0.122190 -0.915673 0.382901
vn -0.122254 -0.915665 0.382898
vn -0.092789 -0.013241 0.995598
vn -0.095586 -0.013238 0.995333
vn -0.081854 0.727813 0.680873
vn -0.082887 0.727702 0.680867
vn -0.112089 0.993336 0.026820
vn -0.113643 0.993157 0.026920
vn -0.113643 0.993157 -0.026920
vn -0.112089 0.993336 -0.026820
vn 0.044902 0.005332 -0.998977
vn 0.044902 0.005332 -0.998977
vn 0.044902 0.005332 -0.998977
vn 0.044902 0.005332 -0.998977
vn 0.044938 0.005331 0.998976
vn 0.044938 0.005331 0.998976
vn 0.044938 0.005331 0.998976
vn 0.044938 0.005331 0.998976
vn 0.143135 0.005337 -0.989689
vn 0.143135 0.005337 -0.989689
vn 0.143135 0.005337 -0.989689
vn 0.143135 0.005337 -0.989689
vn 0.143117 0.005335 0.989691
vn 0.143117 0.005335 0.989691
vn 0.143117 0.005335 0.989691
vn 0.143117 0.005335 0.989691
vn 0.273053 0.005286 -0.961985
vn 0.273053 0.005286 -0.961985
vn 0.273053 0.005286 -0.961985
vn 0.273053 0.005286 -0.961985
vn 0.273073 0.005285 0.961979
vn 0.273073 0.005285 0.961979
vn 0.273073 0.005285 0.961979
vn 0.273073 0.005285 0.961979
vn 0.486691 0.004924 -0.873560
vn 0.486691 0.004924 -0.873560
vn 0.486691 0.004924 -0.873560
vn 0.486691 0.004924 -0.873560
vn 0.486694 0.004924 0.873559
vn 0.486694 0.004924 0.873559
vn 0.486694 0.004924 0.873559
vn 0.486694 0.004924 0.873559
vn 0.873263 0.002826 -0.487242
vn 0.873263 0.002826 -0.487242
vn 0.873263 0.002826 -0.487242
vn 0.873263 0.002826 -0.487242
vn 0.873273 0.002826 0.487223
vn 0.873273 0.002826 0.487223
vn 0.873273 0.002826 0.487223
vn 0.873273 0.002826 0.487223
vn 0.873286 -0.002916 0.487199
vn 0.873286 -0.002916 0.487199
vn 0.873286 -0.002916 0.487199
vn 0.873286 -0.002916 0.487199
vn 0.873276 -0.002916 -0.487218
vn 0.873276 -0.002916 -0.487218
vn 0.873276 -0.002916 -0.487218
vn 0.873276 -0.002916 -0.487218
vn 0.486665 -0.005371 0.873572
vn 0.486665 -0.005371 0.873572
vn 0.486665 -0.005371 0.873572
vn 0.486665 -0.005371 0.873572
vn 0.486662 -0.005371 -0.873574
vn 0.486662 -0.005371 -0.873574
vn 0.486662 -0.005371 -0.873574
vn 0.486662 -0.005371 -0.873574
vn 0.273071 -0.006052 0.961975
vn 0.273071 -0.006052 0.961975
vn 0.273071 -0.006052 0.961975
vn 0.273071 -0.006052 0.961975
vn 0.273081 -0.006052 -0.961972
vn 0.273081 -0.006052 -0.961972
vn 0.273081 -0.006052 -0.961972
vn 0.273081 -0.006052 -0.961972
vn 0.143144 -0.006329 0.989682
vn 0.143144 -0.006329 0.989682
vn 0.143144 -0.006329 0.989682
vn 0.143144 -0.006329 0.989682
vn 0.143121 -0.006329 -0.989685
vn 0.143121 -0.006329 -0.989685
vn 0.143121 -0.006329 -0.989685
vn 0.143121 -0.006329 -0.989685
vn 0.044919 -0.006442 0.998970
vn 0.044919 -0.006442 0.998970
vn 0.044919 -0.006442 0.998970
vn 0.044919 -0.006442 0.998970
vn 0.044896 -0.006442 -0.998971
vn 0.044896 -0.006442 -0.998971
vn 0.044896 -0.006442 -0.998971
vn 0.044896 -0.006442 -0.998971
vn -0.044921 -0.006443 0.998970
vn -0.044921 -0.006443 0.998970
vn -0.044921 -0.006443 0.998970
vn -0.044921 -0.006443 0.998970
vn -0.044910 -0.006442 -0.998970
vn -0.044910 -0.006442 -0.998970
vn -0.044910 -0.006442 -0.998970
vn -0.044910 -0.006442 -0.998970
vn -0.143137 -0.006329 0.989683
vn -0.143137 -0.006329 0.989683
vn -0.143137 -0.006329 0.989683
vn -0.143137 -0.006329 0.989683
vn -0.143112 -0.006328 -0.989686
vn -0.143112 -0.006328 -0.989686
vn -0.143112 -0.006328 -0.989686
vn -0.143112 -0.006328 -0.989686
vn -0.273055 -0.006052 0.961979
vn -0.273055 -0.006052 0.961979
vn -0.273055 -0.006052 0.961979
vn -0.273055 -0.006052 0.961979
vn -0.273081 -0.006051 -0.961972
vn -0.273081 -0.006051 -0.961972
vn -0.273081 -0.006051 -0.961972
vn -0.273081 -0.006051 -0.961972
vn -0.486679 -0.005370 0.873564
vn -0.486679 -0.005370 0.873564
vn -0.486679 -0.005370 0.873564
vn -0.486679 -0.005370 0.873564
vn -0.486669 -0.005370 -0.873570
vn -0.486669 -0.005370 -0.873570
vn -0.486669 -0.005370 -0.873570
vn -0.486669 -0.005370 -0.873570
vn -0.873267 -0.002912 0.487234
vn -0.873267 -0.002912 0.487234
vn -0.873267 -0.002912 0.487234
vn -0.873267 -0.002912 0.487234
vn -0.873255 -0.002912 -0.487255
vn -0.873255 -0.002912 -0.487255
vn -0.873255 -0.002912 -0.487255
vn -0.873255 -0.002912 -0.487255
vn -0.873237 0.002831 -0.487287
vn -0.873237 0.002831 -0.487287
vn -0.873237 0.002831 -0.487287
vn -0.873237 0.002831 -0.487287
vn -0.873249 0.002830 0.487266
vn -0.873249 0.002830 0.487266
vn -0.873249 0.002830 0.487266
vn -0.873249 0.002830 0.487266
vn -0.486696 0.004926 -0.873558
vn -0.486696 0.004926 -0.873558
vn -0.486696 0.004926 -0.873558
vn -0.486696 0.004926 -0.873558
vn -0.486687 0.004925 0.873562
vn -0.486688 0.004925 0.873562
vn -0.486688 0.004925 0.873562
vn -0.486687 0.004925 0.873562
vn -0.273068 0.005286 -0.961980
vn -0.273068 0.005286 -0.961980
vn -0.273068 0.005286 -0.961980
vn -0.273068 0.005286 -0.961980
vn -0.273073 0.005286 0.961979
vn -0.273073 0.005286 0.961979
vn -0.273073 0.005286 0.961979
vn -0.273073 0.005286 0.961979
vn -0.143133 0.005337 -0.989689
vn -0.143133 0.005337 -0.989689
vn -0.143133 0.005337 -0.989689
vn -0.143133 0.005337 -0.989689
vn -0.143144 0.005336 0.989688
vn -0.143144 0.005336 0.989688
vn -0.143144 0.005336 0.989688
vn -0.143144 0.005336 0.989688
vn -0.044904 0.005332 -0.998977
vn -0.044904 0.005332 -0.998977
vn -0.044904 0.005332 -0.998977
vn -0.044904 0.005332 -0.998977
vn -0.044914 0.005332 0.998977
vn -0.044914 0.005332 0.998977
vn -0.044914 0.005332 0.998977
vn -0.044914 0.005332 0.998977
vn 0.000000 -1.000000 0.000000
vn 0.000000 -1.000000 0.000000
vn 0.000000 -1.000000 0.000000
vn 0.000000 -1.000000 0.000000
vn 0.000000 -1.000000 0.000000
vn 0.000000 -1.000000 0.000000
vn 0.000000 -1.000000 0.000000
vn 0.000000 -1.000000 0.000000
vn 0.000000 0.000000 1.000000
vn 0.000000 0.000000 1.000000
vn 0.000000 0.000000 1.000000
vn 0.000000 0.000000 1.000000
vn 1.000000 -0.000004 0.000000
vn 1.000000 -0.000004 0.000000
vn 1.000000 -0.000004 0.000000
vn 1.000000 -0.000004 0.000000
vn 0.000000 0.000000 -1.000000
vn 0.000000 0.000000 -1.000000
vn 0.000000 0.000000 -1.000000
vn 0.000000 0.000000 -1.000000
vn -1.000000 0.000000 0.000000
vn -1.000000 0.000000 0.000000
vn -1.000000 0.000000 0.000000
vn -1.000000 0.000000 0.000000
vn 0.000000 0.000000 1.000000
vn 0.000000 0.000000 1.000000
vn 0.000000 0.000000 1.000000
vn 0.000000 0.000000 1.000000
vn 1.000000 -0.000004 0.000000
vn 1.000000 -0.000004 0.000000
vn 1.000000 -0.000004 0.000000
vn 1.000000 -0.000004 0.000000
vn 0.000000 0.000000 -1.000000
vn 0.000000 0.000000 -1.000000
vn 0.000000 0.000000 -1.000000
vn 0.000000 0.000000 -1.000000
vn -1.000000 0.000000 0.000000
vn -1.000000 0.000000 0.000000
vn -1.000000 0.000000 0.000000
vn -1.000000 0.000000 0.000000
vn -0.707107 0.707107 0.000000
vn -0.707107 0.707107 0.000000
vn -0.707107 0.707107 0.000000
vn -0.707107 0.707107 0.000000
vn -0.000000 0.707109 0.707105
vn -0.000000 0.707109 0.707105
vn -0.000000 0.707109 0.707105
vn -0.000000 0.707109 0.707105
vn 0.707101 0.707113 0.000000
vn 0.707101 0.707113 0.000000
vn 0.707101 0.707113 0.000000
vn 0.707101 0.707113 0.000000
vn -0.000000 0.707109 -0.707105
vn -0.000000 0.707109 -0.707105
vn -0.000000 0.707109 -0.707105
vn -0.000000 0.707109 -0.707105
vn -0.707107 0.707107 0.000000
vn -0.707107 0.707107 0.000000
vn -0.707107 0.707107 0.000000
vn -0.707107 0.707107 0.000000
vn 0.707101 0.707113 0.000000
vn 0.707101 0.707113 0.000000
vn 0.707101 0.707113 0.000000
vn 0.707101 0.707113 0.000000
vn 0.000000 0.000000 1.000000
vn 0.000000 0.000000 1.000000
vn 0.000000 0.000000 1.000000
vn 0.000000 0.000000 1.000000
vn 0.000000 0.000000 -1.000000
vn 0.000000 0.000000 -1.000000
vn 0.000000 0.000000 -1.000000
vn 0.000000 0.000000 -1.000000
vn 1.000000 0.000005 0.000000
vn 1.000000 0.000004 0.000000
vn 1.000000 0.000004 0.000000
vn 1.000000 0.000005 0.000000
vn -1.000000 0.000000 0.000000
vn -1.000000 0.000000 0.000000
vn -1.000000 0.000000 0.000000
vn -1.000000 0.000000 0.000000
vn -1.000000 0.000000 0.000000
vn -1.000000 0.000000 0.000000
vn -1.000000 0.000000 0.000000
vn -1.000000 0.000000 0.000000
vn 1.000000 0.000004 0.000000
vn 1.000000 0.000004 0.000000
vn 1.000000 0.000004 0.000000
vn 1.000000 0.000004 0.000000
vn -0.000000 1.000000 0.000000
vn 0.000000 1.000000 0.000000
vn 0.000000 1.000000 -0.000000
vn -0.000000 1.000000 -0.000000
vn -0.000002 1.000000 -0.000002
vn 0.000000 1.000000 -0.000003
vn 0.000000 1.000000 -0.000003
vn -0.000000 1.000000 -0.000005
vn -0.000000 1.000000 -0.000005
vn -0.000002 1.000000 -0.000002
vn 0.000001 1.000000 0.000001
vn 0.000000 1.000000 -0.000001
vn 0.000000 1.000000 -0.000000
vn -0.000001 1.000000 0.000002
vn 0.000001 1.000000 0.000003
vn 0.000001 1.000000 0.000003
vn -0.000003 1.000000 0.000001
vn -0.000003 1.000000 0.000000
vn 0.000001 1.000000 -0.000001
vn 0.000001 1.000000 -0.000002
vn 0.000001 1.000000 -0.000002
vn -0.000001 1.000000 -0.000001
vn 0.000000 1.000000 0.000002
vn 0.000000 1.000000 0.000002
vn 0.000000 1.000000 0.000000
vn 0.000000 1.000000 0.000001
vn -0.000002 1.000000 0.000002
vn -0.000002 1.000000 0.000002
vn -0.000000 1.000000 0.000003
vn -0.000000 1.000000 0.000004
vn -0.000003 1.000000 0.000000
vn -0.000003 1.000000 -0.000001
vn 0.000000 1.000000 -0.000001
vn 0.000000 1.000000 -0.000001
vn 0.000000 1.000000 -0.000001
vn 0.000000 1.000000 -0.000001
vn 0.000000 1.000000 -0.000001
vn 0.000000 1.000000 -0.000001
vn 0.000000 1.000000 -0.000001
vn 0.000000 1.000000 -0.000001
vn 0.000000 1.000000 -0.000001
vn 0.000000 1.000000 -0.000001
vn 0.000000 1.000000 -0.000001
vn 0.000000 1.000000 -0.000001
vn 0.000000 1.000000 -0.000001
vn 0.000000 1.000000 -0.000001
vn 0.000000 1.000000 -0.000001
vn 0.000000 1.000000 -0.000001
vn -0.707105 -0.000000 0.707108
vn -0.707105 -0.000000 0.707108
vn -0.707105 -0.000000 0.707108
vn -0.707105 -0.000000 0.707108
vn 0.707108 -0.000001 0.707106
vn 0.707108 -0.000001 0.707106
vn 0.707108 -0.000001 0.707106
vn 0.707108 -0.000001 0.707106
vn 0.707107 -0.000001 -0.707106
vn 0.707107 -0.000001 -0.707106
vn 0.707107 -0.000001 -0.707106
vn 0.707107 -0.000001 -0.707106
vn -0.707105 -0.000000 -0.707109
vn -0.707105 -0.000000 -0.707109
vn -0.707105 -0.000000 -0.707109
vn -0.707105 -0.000000 -0.707109
vn 0.707107 -0.000001 0.707106
vn 0.707107 -0.000001 0.707106
vn 0.707107 -0.000001 0.707106
vn 0.707107 -0.000001 0.707106
vn -0.707105 -0.000000 0.707109
vn -0.707105 -0.000000 0.707109
vn -0.707105 -0.000000 0.707109
vn -0.707105 -0.000000 0.707109
vn 0.707108 -0.000001 -0.707106
vn 0.707108 -0.000001 -0.707106
vn 0.707108 -0.000001 -0.707106
vn 0.707108 -0.000001 -0.707106
vn -0.707105 -0.000000 -0.707108
vn -0.707105 -0.000000 -0.707108
vn -0.707105 -0.000000 -0.707108
vn -0.707105 -0.000000 -0.707108
vn 0.668321 0.217149 -0.711473
vn 0.668321 0.217149 -0.711473
vn 0.568504 0.413045 -0.711475
vn 0.568505 0.413044 -0.711475
vn 0.702711 -0.000002 -0.711475
vn 0.702711 -0.000004 -0.711475
vn 0.413042 0.568506 -0.711475
vn 0.413041 0.568506 -0.711475
vn 0.217152 0.668318 -0.711474
vn 0.217151 0.668319 -0.711474
vn -0.000002 0.702714 -0.711473
vn -0.000001 0.702714 -0.711473
vn -0.217153 0.668321 -0.711471
vn -0.217153 0.668321 -0.711471
vn -0.413044 0.568509 -0.711472
vn -0.413044 0.568509 -0.711472
vn -0.568511 0.413045 -0.711470
vn -0.568511 0.413044 -0.711470
vn -0.668326 0.217147 -0.711469
vn -0.668324 0.217152 -0.711469
vn -0.702717 0.000002 -0.711469
vn -0.702717 0.000001 -0.711469
vn -0.668323 -0.217150 -0.711471
vn -0.668322 -0.217151 -0.711471
vn -0.568509 -0.413045 -0.711471
vn -0.568508 -0.413046 -0.711471
vn -0.413043 -0.568508 -0.711473
vn -0.413042 -0.568509 -0.711473
vn -0.217152 -0.668321 -0.711472
vn -0.217151 -0.668321 -0.711472
vn -0.000000 -0.702715 -0.711472
vn 0.000001 -0.702715 -0.711472
vn 0.217151 -0.668319 -0.711474
vn 0.217151 -0.668319 -0.711474
vn 0.413042 -0.568507 -0.711475
vn 0.413042 -0.568507 -0.711475
vn 0.568509 -0.413042 -0.711474
vn 0.568508 -0.413042 -0.711474
vn 0.668319 -0.217148 -0.711475
vn 0.668318 -0.217149 -0.711475
vn 0.668322 0.217149 0.711472
vn 0.668321 0.217149 0.711472
vn 0.702712 -0.000003 0.711474
vn 0.702712 -0.000002 0.711474
vn 0.568506 0.413045 0.711474
vn 0.568505 0.413046 0.711474
vn 0.413042 0.568506 0.711475
vn 0.413042 0.568506 0.711475
vn 0.217150 0.668317 0.711476
vn 0.217151 0.668317 0.711476
vn -0.000001 0.702714 0.711473
vn -0.000002 0.702714 0.711473
vn -0.217151 0.668320 0.711473
vn -0.217152 0.668320 0.711473
vn -0.413042 0.568506 0.711475
vn -0.413042 0.568506 0.711475
vn -0.568511 0.413043 0.711470
vn -0.568511 0.413044 0.711470
vn -0.668325 0.217153 0.711468
vn -0.668327 0.217147 0.711468
vn -0.702716 0.000002 0.711470
vn -0.702716 0.000002 0.711470
vn -0.668321 -0.217151 0.711473
vn -0.668321 -0.217150 0.711473
vn -0.568508 -0.413047 0.711471
vn -0.568509 -0.413046 0.711471
vn -0.413043 -0.568510 0.711471
vn -0.413044 -0.568509 0.711471
vn -0.217151 -0.668321 0.711472
vn -0.217152 -0.668321 0.711472
vn 0.000001 -0.702715 0.711472
vn 0.000000 -0.702715 0.711472
vn 0.217152 -0.668320 0.711472
vn 0.217152 -0.668320 0.711472
vn 0.413044 -0.568509 0.711472
vn 0.413044 -0.568509 0.711472
vn 0.568509 -0.413043 0.711472
vn 0.568510 -0.413043 0.711472
vn 0.668318 -0.217149 0.711475
vn 0.668318 -0.217148 0.711475
vn 0.951056 0.309020 0.000000
vn 0.809017 0.587786 0.000000
vn 0.809017 0.587786 0.000000
vn 0.951056 0.309020 0.000000
vn 0.587786 0.809017 0.000000
vn 0.587786 0.809017 0.000000
vn 0.309018 0.951056 0.000000
vn 0.309018 0.951056 0.000000
vn -0.000005 1.000000 0.000000
vn -0.000005 1.000000 0.000000
vn -0.309018 0.951056 0.000000
vn -0.309018 0.951056 0.000000
vn -0.587786 0.809017 0.000000
vn -0.587786 0.809017 0.000000
vn -0.809019 0.587783 0.000000
vn -0.809019 0.587783 0.000000
vn -0.951056 0.309019 0.000000
vn -0.951056 0.309019 0.000000
vn -1.000000 0.000005 0.000000
vn -1.000000 0.000005 0.000000
vn -0.951056 -0.309019 0.000000
vn -0.951056 -0.309019 0.000000
vn -0.809017 -0.587786 0.000000
vn -0.809017 -0.587786 0.000000
vn -0.587783 -0.809019 0.000000
vn -0.587783 -0.809019 0.000000
vn -0.309018 -0.951056 0.000000
vn -0.309018 -0.951056 0.000000
vn -0.000000 -1.000000 0.000000
vn -0.000000 -1.000000 0.000000
vn 0.309018 -0.951056 0.000000
vn 0.309018 -0.951056 0.000000
vn 0.587783 -0.809019 0.000000
vn 0.587783 -0.809019 0.000000
vn 0.809020 -0.587782 0.000000
vn 0.809020 -0.587782 0.000000
vn 0.951057 -0.309016 0.000000
vn 0.951057 -0.309016 0.000000
vn 1.000000 -0.000005 0.000000
vn 1.000000 -0.000005 0.000000
vn -0.000000 0.000000 -1.000000
vn 0.000001 0.000000 -1.000000
vn 0.000000 0.000000 -1.000000
vn -0.000001 0.000000 -1.000000
vn 0.000000 0.000000 -1.000000
vn 0.000000 0.000000 -1.000000
vn -0.000001 0.000000 -1.000000
vn -0.000000 0.000000 -1.000000
vn 0.000000 0.000000 -1.000000
vn -0.000000 0.000000 -1.000000
vn 0.000000 0.000000 -1.000000
vn -0.000000 0.000000 -1.000000
vn 0.000000 0.000000 -1.000000
vn 0.000001 0.000000 -1.000000
vn 0.000000 0.000000 -1.000000
vn 0.000000 0.000000 -1.000000
vn 0.000001 0.000000 -1.000000
vn -0.000000 0.000000 -1.000000
vn -0.000000 0.000000 -1.000000
vn 0.000000 0.000000 -1.000000
vn 0.000000 0.000000 -1.000000
vn 0.000000 0.000000 1.000000
vn -0.000000 0.000000 1.000000
vn 0.000000 0.000000 1.000000
vn 0.000000 0.000000 1.000000
vn 0.000001 0.000000 1.000000
vn 0.000000 0.000000 1.000000
vn 0.000000 0.000000 1.000000
vn 0.000001 0.000000 1.000000
vn 0.000000 0.000000 1.000000
vn -0.000001 0.000000 1.000000
vn 0.000000 0.000000 1.000000
vn -0.000000 0.000000 1.000000
vn 0.000000 0.000000 1.000000
vn 0.000000 0.000000 1.000000
vn -0.000001 0.000000 1.000000
vn 0.000000 0.000000 1.000000
vn 0.000000 0.000000 1.000000
vn -0.000001 0.000000 1.000000
vn 0.000000 0.000000 1.000000
vn 0.000001 0.000000 1.000000
vn 0.000000 0.000000 1.000000
vn -0.000001 -0.707107 0.707107
vn 0.000000 -0.923879 0.382685
vn -0.394308 -0.849026 0.351677
vn -0.394309 -0.649816 0.649815
vn -0.000001 -0.382684 0.923879
vn -0.394306 -0.351678 0.849026
vn -0.000000 -0.195091 0.980785
vn -0.387878 -0.179817 0.904000
vn -0.000001 -0.382682 -0.923880
vn -0.000001 -0.195090 -0.980786
vn -0.387881 -0.179816 -0.903999
vn -0.394309 -0.351678 -0.849025
vn 0.000001 -0.707107 -0.707106
vn -0.394308 -0.649816 -0.649816
vn 0.000001 -0.923879 -0.382684
vn -0.394308 -0.849025 -0.351679
vn 0.000000 -0.980785 -0.195093
vn -0.387880 -0.903999 -0.179818
vn 0.000000 -0.980785 0.195092
vn -0.387880 -0.904000 0.179818
vn -0.723226 -0.638042 0.264285
vn -0.723226 -0.488336 0.488336
vn -0.723227 -0.264286 0.638041
vn -0.716500 -0.136093 0.684183
vn -0.716500 -0.136093 -0.684184
vn -0.723227 -0.264286 -0.638041
vn -0.723226 -0.488337 -0.488336
vn -0.723226 -0.638041 -0.264286
vn -0.716497 -0.684186 -0.136094
vn -0.716496 -0.684187 0.136094
vn -0.934854 -0.328007 0.135865
vn -0.934854 -0.251047 0.251046
vn -0.934854 -0.135865 0.328006
vn -0.932533 -0.070445 0.354147
vn -0.932530 -0.070446 -0.354153
vn -0.934853 -0.135865 -0.328009
vn -0.934854 -0.251045 -0.251046
vn -0.934855 -0.328006 -0.135864
vn -0.932532 -0.354150 -0.070445
vn -0.932532 -0.354150 0.070445
vn -0.999493 0.029406 -0.012180
vn -0.999493 0.022504 -0.022504
vn -0.999494 0.012177 -0.029402
vn -0.999474 0.006329 -0.031825
vn -0.999473 0.006331 0.031828
vn -0.999493 0.012179 0.029405
vn -0.999493 0.022504 0.022504
vn -0.999493 0.029406 0.012180
vn -0.999473 0.031830 0.006332
vn -0.999473 0.031830 -0.006332
vn -0.912332 0.378284 -0.156690
vn -0.912332 0.289526 -0.289525
vn -0.912332 0.156690 -0.378283
vn -0.909322 0.081175 -0.408098
vn -0.909320 0.081177 0.408103
vn -0.912331 0.156690 0.378287
vn -0.912332 0.289525 0.289527
vn -0.912332 0.378283 0.156690
vn -0.909322 0.408099 0.081175
vn -0.909321 0.408100 -0.081176
vn -0.691249 0.667611 -0.276533
vn -0.691248 0.510968 -0.510967
vn -0.691248 0.276534 -0.667612
vn -0.684216 0.142275 -0.715266
vn -0.684219 0.142275 0.715264
vn -0.691249 0.276533 0.667611
vn -0.691248 0.510967 0.510969
vn -0.691248 0.667611 0.276534
vn -0.684217 0.715266 0.142274
vn -0.684217 0.715266 -0.142274
vn -0.371597 0.857724 -0.355280
vn -0.371599 0.656473 -0.656473
vn -0.371601 0.355281 -0.857723
vn -0.365422 0.181599 -0.912956
vn -0.365427 0.181598 0.912954
vn -0.371603 0.355280 0.857722
vn -0.371601 0.656473 0.656472
vn -0.371599 0.857724 0.355281
vn -0.365420 0.912957 0.181597
vn -0.365419 0.912958 -0.181597
vn 0.000000 0.923879 -0.382684
vn 0.000001 0.707107 -0.707106
vn 0.000002 0.382684 -0.923879
vn 0.000004 0.195091 -0.980785
vn 0.000001 0.195090 0.980785
vn 0.000001 0.382683 0.923880
vn 0.000002 0.707106 0.707107
vn 0.000002 0.923879 0.382684
vn 0.000002 0.980786 0.195090
vn 0.000000 0.980786 -0.195089
vn 0.371601 0.857723 -0.355280
vn 0.371604 0.656472 -0.656472
vn 0.371605 0.355281 -0.857721
vn 0.365425 0.181599 -0.912955
vn 0.365424 0.181598 0.912955
vn 0.371604 0.355281 0.857721
vn 0.371603 0.656472 0.656472
vn 0.371602 0.857722 0.355281
vn 0.365424 0.912956 0.181598
vn 0.365423 0.912956 -0.181597
vn 0.691249 0.667610 -0.276533
vn 0.691249 0.510967 -0.510968
vn 0.691248 0.276532 -0.667612
vn 0.684215 0.142276 -0.715267
vn 0.684216 0.142276 0.715267
vn 0.691248 0.276533 0.667612
vn 0.691247 0.510968 0.510969
vn 0.691247 0.667612 0.276535
vn 0.684216 0.715267 0.142275
vn 0.684218 0.715265 -0.142274
vn 0.912334 0.378280 -0.156688
vn 0.912333 0.289524 -0.289524
vn 0.912332 0.156691 -0.378284
vn 0.909321 0.081177 -0.408099
vn 0.909322 0.081177 0.408099
vn 0.912332 0.156691 0.378283
vn 0.912332 0.289526 0.289526
vn 0.912332 0.378283 0.156690
vn 0.909322 0.408098 0.081176
vn 0.909323 0.408095 -0.081176
vn 0.999494 0.029403 -0.012179
vn 0.999493 0.022506 -0.022505
vn 0.999493 0.012180 -0.029407
vn 0.999473 0.006332 -0.031829
vn 0.999473 0.006331 0.031829
vn 0.999493 0.012181 0.029408
vn 0.999493 0.022507 0.022507
vn 0.999493 0.029404 0.012179
vn 0.999474 0.031825 0.006330
vn 0.999474 0.031824 -0.006331
vn 0.934854 -0.328008 0.135866
vn 0.934853 -0.251047 0.251048
vn 0.934854 -0.135866 0.328008
vn 0.932532 -0.070445 0.354150
vn 0.932531 -0.070445 -0.354151
vn 0.934854 -0.135866 -0.328008
vn 0.934853 -0.251047 -0.251047
vn 0.934853 -0.328008 -0.135867
vn 0.932531 -0.354152 -0.070446
vn 0.932531 -0.354151 0.070445
vn 0.723225 -0.638043 0.264286
vn 0.723224 -0.488337 0.488337
vn 0.723225 -0.264286 0.638043
vn 0.716496 -0.136094 0.684188
vn 0.716497 -0.136093 -0.684187
vn 0.723225 -0.264286 -0.638042
vn 0.723225 -0.488337 -0.488337
vn 0.723226 -0.638041 -0.264287
vn 0.716499 -0.684184 -0.136094
vn 0.716497 -0.684187 0.136094
vn 0.394310 -0.849024 0.351678
vn 0.394308 -0.649816 0.649816
vn 0.394307 -0.351677 0.849026
vn 0.387880 -0.179817 0.903999
vn 0.387877 -0.179816 -0.904001
vn 0.394307 -0.351677 -0.849026
vn 0.394307 -0.649816 -0.649816
vn 0.394307 -0.849025 -0.351679
vn 0.387879 -0.904000 -0.179819
vn 0.387883 -0.903998 0.179817
vn 0.000004 -1.000000 0.000000
vn 0.000004 -1.000000 0.000000
vn 0.000004 -1.000000 0.000000
vn 0.000004 -1.000000 0.000000
vn 0.000004 -1.000000 0.000000
vn 0.000004 -1.000000 0.000000
vn 0.000004 -1.000000 0.000000
vn 0.000004 -1.000000 0.000000
vn 0.000004 -1.000000 0.000000
vn 0.000004 -1.000000 0.000000
vn 0.000004 -1.000000 0.000000
vn 0.000004 -1.000000 0.000000
vn 0.000004 -1.000000 0.000000
vn 0.000004 -1.000000 0.000000
vn 0.000004 -1.000000 0.000000
vn 0.000004 -1.000000 0.000000
vn 0.000000 -1.000000 -0.000001
vn 0.000000 -1.000000 -0.000001
vn 0.000000 -1.000000 -0.000001
vn 0.000000 -1.000000 -0.000001
vn 0.000000 -1.000000 -0.000001
vn 0.000000 -1.000000 -0.000001
vn 0.000000 -1.000000 -0.000001
vn 0.000000 -1.000000 -0.000001
vn 0.000000 -1.000000 -0.000001
vn 0.000000 -1.000000 -0.000001
vn 0.000000 -1.000000 -0.000001
vn 0.000000 -1.000000 -0.000001
vn 0.000000 -1.000000 -0.000001
vn 0.000000 -1.000000 -0.000001
vn 0.000000 -1.000000 -0.000001
vn 0.000000 -1.000000 -0.000001
vn -0.195090 -0.980785 0.000000
vn -0.195090 -0.980785 0.000000
vn -0.195090 -0.980785 0.000000
vn -0.195090 -0.980785 0.000000
vn -0.555564 -0.831474 0.000000
vn -0.555564 -0.831474 0.000000
vn -0.555564 -0.831474 0.000000
vn -0.555564 -0.831474 0.000000
vn -0.831469 -0.555572 0.000000
vn -0.831469 -0.555572 0.000000
vn -0.831469 -0.555572 0.000000
vn -0.831469 -0.555572 0.000000
vn -0.980785 -0.195090 0.000000
vn -0.980785 -0.195090 0.000000
vn -0.980785 -0.195090 0.000000
vn -0.980785 -0.195090 0.000000
vn -0.980784 0.195098 0.000000
vn -0.980784 0.195098 0.000000
vn -0.980784 0.195098 0.000000
vn -0.980784 0.195098 0.000000
vn -0.831470 0.555570 0.000000
vn -0.831470 0.555570 0.000000
vn -0.831470 0.555570 0.000000
vn -0.831470 0.555570 0.000000
vn -0.555570 0.831470 0.000000
vn -0.555570 0.831470 0.000000
vn -0.555570 0.831470 0.000000
vn -0.555570 0.831470 0.000000
vn -0.195089 0.980786 0.000000
vn -0.195089 0.980786 0.000000
vn -0.195089 0.980786 0.000000
vn -0.195089 0.980786 0.000000
vn 0.195090 0.980785 0.000000
vn 0.195090 0.980785 0.000000
vn 0.195090 0.980785 0.000000
vn 0.195090 0.980785 0.000000
vn 0.555574 0.831467 0.000000
vn 0.555574 0.831467 0.000000
vn 0.555574 0.831467 0.000000
vn 0.555574 0.831467 0.000000
vn 0.831469 0.555571 0.000000
vn 0.831469 0.555571 0.000000
vn 0.831469 0.555571 0.000000
vn 0.831469 0.555571 0.000000
vn 0.980785 0.195090 0.000000
vn 0.980785 0.195090 0.000000
vn 0.980785 0.195090 0.000000
vn 0.980785 0.195090 0.000000
vn 0.980784 -0.195098 0.000000
vn 0.980784 -0.195098 0.000000
vn 0.980784 -0.195098 0.000000
vn 0.980784 -0.195098 0.000000
vn 0.831473 -0.555566 0.000000
vn 0.831473 -0.555566 0.000000
vn 0.831473 -0.555566 0.000000
vn 0.831473 -0.555566 0.000000
vn 0.555564 -0.831474 0.000000
vn 0.555564 -0.831474 0.000000
vn 0.555564 -0.831474 0.000000
vn 0.555564 -0.831474 0.000000
vn 0.195091 -0.980785 0.000000
vn 0.195091 -0.980785 0.000000
vn 0.195091 -0.980785 0.000000
vn 0.195091 -0.980785 0.000000
vn 0.000000 0.000000 1.000000
vn 0.000000 0.000000 1.000000
vn 0.000000 0.000000 1.000000
vn 0.000000 0.000000 1.000000
vn 0.000007 -1.000000 0.000000
vn 0.000007 -1.000000 0.000000
vn 0.000007 -1.000000 0.000000
vn 0.000007 -1.000000 0.000000
vn 0.000000 0.000000 -1.000000
vn 0.000000 0.000000 -1.000000
vn 0.000000 0.000000 -1.000000
vn 0.000000 0.000000 -1.000000
vn 0.000000 1.000000 0.000000
vn 0.000000 1.000000 0.000000
vn 0.000000 1.000000 0.000000
vn 0.000000 1.000000 0.000000
vn 1.000000 -0.000000 0.000000
vn 1.000000 -0.000000 0.000000
vn 1.000000 -0.000000 0.000000
vn 1.000000 -0.000000 0.000000
vn 1.000000 -0.000000 0.000000
vn 1.000000 -0.000000 0.000000
vn -1.000000 0.000000 0.000000
vn -1.000000 0.000000 0.000000
vn -1.000000 0.000000 0.000000
vn -1.000000 0.000000 0.000000
vn -1.000000 0.000000 0.000000
vn -1.000000 0.000000 0.000000
vn 0.000000 0.707106 0.707108
vn 0.000000 0.707106 0.707108
vn 0.000000 0.707106 0.707108
vn 0.000000 0.707106 0.707108
vn 0.000000 0.707107 -0.707107
vn 0.000000 0.707107 -0.707107
vn 0.000000 0.707107 -0.707107
vn 0.000000 0.707107 -0.707107
vn 0.000000 0.000000 -1.000000
vn 0.000000 0.000000 -1.000000
vn 0.000000 0.000000 -1.000000
vn 0.000000 0.000000 -1.000000
vn 0.000007 -1.000000 0.000000
vn 0.000007 -1.000000 0.000000
vn 0.000007 -1.000000 0.000000
vn 0.000007 -1.000000 0.000000
vn 0.000000 0.000000 1.000000
vn 0.000000 0.000000 1.000000
vn 0.000000 0.000000 1.000000
vn 0.000000 0.000000 1.000000
vn 0.000000 1.000000 0.000000
vn 0.000000 1.000000 0.000000
vn 0.000000 1.000000 0.000000
vn 0.000000 1.000000 0.000000
vn 1.000000 -0.000000 0.000000
vn 1.000000 -0.000000 0.000000
vn 1.000000 -0.000000 0.000000
vn 1.000000 -0.000000 0.000000
vn 1.000000 -0.000000 0.000000
vn 1.000000 -0.000000 0.000000
vn -1.000000 0.000000 0.000000
vn -1.000000 0.000000 0.000000
vn -1.000000 0.000000 0.000000
vn -1.000000 0.000000 0.000000
vn -1.000000 0.000000 0.000000
vn -1.000000 0.000000 0.000000
vn 0.000000 0.707107 -0.707107
vn 0.000000 0.707107 -0.707107
vn 0.000000 0.707107 -0.707107
vn 0.000000 0.707107 -0.707107
vn 0.000000 0.707107 0.707107
vn 0.000000 0.707107 0.707107
vn 0.000000 0.707107 0.707107
vn 0.000000 0.707107 0.707107
vn 0.668320 0.217153 -0.711472
vn 0.668321 0.217152 -0.711472
vn 0.568500 0.413049 -0.711476
vn 0.568500 0.413048 -0.711476
vn 0.702715 0.000000 -0.711471
vn 0.702716 -0.000004 -0.711471
vn 0.413047 0.568503 -0.711475
vn 0.413046 0.568503 -0.711475
vn 0.217152 0.668312 -0.711480
vn 0.217152 0.668312 -0.711480
vn -0.000001 0.702710 -0.711476
vn -0.000002 0.702710 -0.711476
vn -0.217150 0.668319 -0.711474
vn -0.217153 0.668318 -0.711474
vn -0.413047 0.568501 -0.711477
vn -0.413047 0.568501 -0.711477
vn -0.568499 0.413049 -0.711477
vn -0.568500 0.413047 -0.711477
vn -0.668311 0.217149 -0.711482
vn -0.668311 0.217149 -0.711482
vn -0.702705 -0.000000 -0.711482
vn -0.702705 0.000000 -0.711482
vn -0.668309 -0.217153 -0.711483
vn -0.668309 -0.217155 -0.711483
vn -0.568496 -0.413046 -0.711481
vn -0.568497 -0.413044 -0.711481
vn -0.413048 -0.568496 -0.711480
vn -0.413047 -0.568497 -0.711480
vn -0.217150 -0.668315 -0.711478
vn -0.217152 -0.668314 -0.711478
vn 0.000004 -0.702711 -0.711476
vn 0.000004 -0.702711 -0.711476
vn 0.217147 -0.668316 -0.711478
vn 0.217147 -0.668316 -0.711478
vn 0.413044 -0.568500 -0.711479
vn 0.413044 -0.568500 -0.711479
vn 0.568501 -0.413040 -0.711481
vn 0.568500 -0.413041 -0.711481
vn 0.668313 -0.217150 -0.711480
vn 0.668312 -0.217153 -0.711480
vn 0.668319 0.217151 0.711474
vn 0.668319 0.217150 0.711474
vn 0.702714 -0.000004 0.711473
vn 0.702714 0.000000 0.711473
vn 0.568500 0.413049 0.711476
vn 0.568499 0.413050 0.711476
vn 0.413043 0.568506 0.711474
vn 0.413044 0.568506 0.711474
vn 0.217150 0.668313 0.711480
vn 0.217150 0.668313 0.711480
vn -0.000002 0.702711 0.711475
vn -0.000001 0.702711 0.711476
vn -0.217148 0.668322 0.711472
vn -0.217146 0.668322 0.711472
vn -0.413045 0.568504 0.711475
vn -0.413044 0.568505 0.711475
vn -0.568505 0.413047 0.711473
vn -0.568504 0.413049 0.711473
vn -0.668315 0.217149 0.711478
vn -0.668315 0.217149 0.711478
vn -0.702707 0.000000 0.711480
vn -0.702707 -0.000000 0.711480
vn -0.668311 -0.217154 0.711481
vn -0.668311 -0.217153 0.711481
vn -0.568498 -0.413042 0.711481
vn -0.568497 -0.413044 0.711481
vn -0.413045 -0.568498 0.711480
vn -0.413047 -0.568497 0.711480
vn -0.217149 -0.668318 0.711476
vn -0.217147 -0.668318 0.711476
vn 0.000004 -0.702712 0.711475
vn 0.000004 -0.702712 0.711475
vn 0.217145 -0.668316 0.711479
vn 0.217145 -0.668316 0.711479
vn 0.413043 -0.568501 0.711479
vn 0.413043 -0.568501 0.711479
vn 0.568502 -0.413042 0.711478
vn 0.568503 -0.413042 0.711478
vn 0.668316 -0.217152 0.711476
vn 0.668317 -0.217150 0.711476
vn 0.951056 0.309018 0.000000
vn 0.809009 0.587796 0.000000
vn 0.809009 0.587796 0.000000
vn 0.951056 0.309018 0.000000
vn 0.587789 0.809014 0.000000
vn 0.587789 0.809014 0.000000
vn 0.309019 0.951056 0.000000
vn 0.309019 0.951056 0.000000
vn -0.000011 1.000000 0.000000
vn -0.000011 1.000000 0.000000
vn -0.309015 0.951057 0.000000
vn -0.309015 0.951057 0.000000
vn -0.587786 0.809017 0.000000
vn -0.587786 0.809017 0.000000
vn -0.809013 0.587791 0.000000
vn -0.809013 0.587791 0.000000
vn -0.951056 0.309018 0.000000
vn -0.951056 0.309018 0.000000
vn -1.000000 0.000000 0.000000
vn -1.000000 0.000000 0.000000
vn -0.951055 -0.309020 0.000000
vn -0.951055 -0.309020 0.000000
vn -0.809013 -0.587790 0.000000
vn -0.809013 -0.587790 0.000000
vn -0.587786 -0.809017 0.000000
vn -0.587786 -0.809017 0.000000
vn -0.309012 -0.951058 0.000000
vn -0.309012 -0.951058 0.000000
vn -0.000000 -1.000000 0.000000
vn -0.000000 -1.000000 0.000000
vn 0.309014 -0.951057 0.000000
vn 0.309014 -0.951057 0.000000
vn 0.587784 -0.809018 0.000000
vn 0.587784 -0.809018 0.000000
vn 0.809013 -0.587790 0.000000
vn 0.809013 -0.587790 0.000000
vn 0.951059 -0.309009 0.000000
vn 0.951059 -0.309009 0.000000
vn 1.000000 0.000000 0.000000
vn 1.000000 0.000000 0.000000
vn 0.000000 0.000000 -1.000000
vn -0.000010 0.000000 -1.000000
vn -0.000003 0.000000 -1.000000
vn 0.000010 0.000000 -1.000000
vn -0.000010 0.000000 -1.000000
vn -0.000010 0.000000 -1.000000
vn 0.000010 0.000000 -1.000000
vn 0.000000 0.000000 -1.000000
vn -0.000005 0.000000 -1.000000
vn 0.000005 0.000000 -1.000000
vn 0.000000 0.000000 -1.000000
vn 0.000000 0.000000 -1.000000
vn 0.000000 0.000000 -1.000000
vn -0.000010 0.000000 -1.000000
vn -0.000010 0.000000 -1.000000
vn 0.000000 0.000000 -1.000000
vn -0.000010 0.000000 -1.000000
vn -0.000010 0.000000 -1.000000
vn 0.000000 0.000000 -1.000000
vn 0.000000 0.000000 -1.000000
vn 0.000000 0.000000 -1.000000
vn 0.000000 0.000000 1.000000
vn 0.000000 0.000000 1.000000
vn -0.000000 0.000000 1.000000
vn 0.000000 0.000000 1.000000
vn 0.000000 0.000000 1.000000
vn 0.000000 0.000000 1.000000
vn 0.000000 0.000000 1.000000
vn 0.000000 0.000000 1.000000
vn 0.000000 0.000000 1.000000
vn 0.000000 0.000000 1.000000
vn 0.000000 0.000000 1.000000
vn 0.000000 0.000000 1.000000
vn 0.000003 0.000000 1.000000
vn -0.000003 0.000000 1.000000
vn -0.000000 0.000000 1.000000
vn 0.000000 0.000000 1.000000
vn 0.000000 0.000000 1.000000
vn 0.000000 0.000000 1.000000
vn -0.000005 0.000000 1.000000
vn 0.000000 0.000000 1.000000
vn 0.000000 0.000000 1.000000
vn 0.668323 0.217153 0.711469
vn 0.568504 0.413051 0.711472
vn 0.568504 0.413051 0.711472
vn 0.668324 0.217153 0.711469
vn 0.702719 -0.000005 0.711468
vn 0.702719 -0.000000 0.711468
vn 0.413048 0.568508 0.711470
vn 0.413049 0.568508 0.711470
vn 0.217149 0.668318 0.711475
vn 0.217150 0.668318 0.711476
vn -0.000003 0.702715 0.711471
vn -0.000003 0.702715 0.711471
vn -0.217152 0.668323 0.711470
vn -0.217150 0.668324 0.711470
vn -0.413044 0.568506 0.711474
vn -0.413044 0.568507 0.711474
vn -0.568501 0.413052 0.711474
vn -0.568499 0.413054 0.711474
vn -0.668320 0.217151 0.711473
vn -0.668320 0.217151 0.711473
vn -0.702713 0.000000 0.711474
vn -0.702713 0.000000 0.711474
vn -0.668313 -0.217157 0.711477
vn -0.668314 -0.217155 0.711477
vn -0.568501 -0.413043 0.711478
vn -0.568500 -0.413045 0.711478
vn -0.413048 -0.568500 0.711476
vn -0.413050 -0.568499 0.711476
vn -0.217147 -0.668321 0.711473
vn -0.217145 -0.668322 0.711473
vn 0.000007 -0.702714 0.711473
vn 0.000008 -0.702714 0.711473
vn 0.217147 -0.668321 0.711474
vn 0.217146 -0.668321 0.711474
vn 0.413050 -0.568502 0.711474
vn 0.413050 -0.568502 0.711474
vn 0.568507 -0.413041 0.711476
vn 0.568507 -0.413040 0.711476
vn 0.668317 -0.217154 0.711474
vn 0.668318 -0.217151 0.711474
vn 0.668317 0.217153 -0.711475
vn 0.702714 -0.000000 -0.711473
vn 0.702714 -0.000004 -0.711473
vn 0.668317 0.217153 -0.711475
vn 0.568499 0.413049 -0.711477
vn 0.568499 0.413048 -0.711477
vn 0.413046 0.568503 -0.711476
vn 0.413045 0.568504 -0.711476
vn 0.217150 0.668313 -0.711480
vn 0.217150 0.668313 -0.711480
vn -0.000001 0.702711 -0.711476
vn -0.000001 0.702711 -0.711476
vn -0.217147 0.668319 -0.711475
vn -0.217149 0.668319 -0.711475
vn -0.413045 0.568502 -0.711477
vn -0.413046 0.568502 -0.711477
vn -0.568500 0.413047 -0.711478
vn -0.568501 0.413045 -0.711478
vn -0.668313 0.217148 -0.711480
vn -0.668313 0.217148 -0.711480
vn -0.702706 0.000000 -0.711480
vn -0.702706 0.000001 -0.711480
vn -0.668308 -0.217154 -0.711484
vn -0.668307 -0.217155 -0.711484
vn -0.568494 -0.413044 -0.711484
vn -0.568496 -0.413042 -0.711484
vn -0.413046 -0.568497 -0.711480
vn -0.413044 -0.568498 -0.711480
vn -0.217148 -0.668317 -0.711477
vn -0.217150 -0.668316 -0.711477
vn 0.000006 -0.702710 -0.711476
vn 0.000005 -0.702710 -0.711476
vn 0.217147 -0.668315 -0.711479
vn 0.217147 -0.668315 -0.711479
vn 0.413043 -0.568500 -0.711480
vn 0.413043 -0.568499 -0.711480
vn 0.568499 -0.413040 -0.711482
vn 0.568499 -0.413041 -0.711482
vn 0.668314 -0.217149 -0.711479
vn 0.668314 -0.217152 -0.711479
vn 0.951056 0.309018 0.000000
vn 0.951056 0.309018 0.000000
vn 0.809009 0.587796 0.000000
vn 0.809009 0.587796 0.000000
vn 0.587789 0.809014 0.000000
vn 0.587789 0.809014 0.000000
vn 0.309019 0.951056 0.000000
vn 0.309019 0.951056 0.000000
vn -0.000011 1.000000 0.000000
vn -0.000011 1.000000 0.000000
vn -0.309015 0.951057 0.000000
vn -0.309015 0.951057 0.000000
vn -0.587784 0.809018 0.000000
vn -0.587784 0.809018 0.000000
vn -0.809013 0.587791 0.000000
vn -0.809013 0.587791 0.000000
vn -0.951056 0.309018 0.000000
vn -0.951056 0.309018 0.000000
vn -1.000000 -0.000004 0.000000
vn -1.000000 -0.000004 0.000000
vn -0.951055 -0.309020 0.000000
vn -0.951055 -0.309020 0.000000
vn -0.809015 -0.587788 0.000000
vn -0.809015 -0.587788 0.000000
vn -0.587784 -0.809018 0.000000
vn -0.587784 -0.809018 0.000000
vn -0.309012 -0.951058 0.000000
vn -0.309012 -0.951058 0.000000
vn 0.000000 -1.000000 0.000000
vn 0.000000 -1.000000 0.000000
vn 0.309014 -0.951057 0.000000
vn 0.309014 -0.951057 0.000000
vn 0.587784 -0.809018 0.000000
vn 0.587784 -0.809018 0.000000
vn 0.809013 -0.587790 0.000000
vn 0.809013 -0.587790 0.000000
vn 0.951059 -0.309009 0.000000
vn 0.951059 -0.309009 0.000000
vn 1.000000 -0.000000 0.000000
vn 1.000000 -0.000000 0.000000
vn 0.000003 0.000000 1.000000
vn -0.000000 0.000000 1.000000
vn -0.000005 0.000000 1.000000
vn 0.000005 0.000000 1.000000
vn -0.000008 0.000000 1.000000
vn -0.000006 0.000000 1.000000
vn 0.000007 0.000000 1.000000
vn 0.000000 0.000000 1.000000
vn -0.000003 0.000000 1.000000
vn 0.000005 0.000000 1.000000
vn 0.000000 0.000000 1.000000
vn 0.000005 0.000000 1.000000
vn 0.000003 0.000000 1.000000
vn -0.000010 0.000000 1.000000
vn -0.000003 0.000000 1.000000
vn 0.000010 0.000000 1.000000
vn -0.000003 0.000000 1.000000
vn -0.000008 0.000000 1.000000
vn 0.000000 0.000000 1.000000
vn 0.000000 0.000000 1.000000
vn 0.000000 0.000000 1.000000
vn 0.000000 0.000000 -1.000000
vn 0.000000 0.000000 -1.000000
vn 0.000000 0.000000 -1.000000
vn 0.000000 0.000000 -1.000000
vn 0.000002 0.000000 -1.000000
vn -0.000000 0.000000 -1.000000
vn -0.000002 0.000000 -1.000000
vn 0.000000 0.000000 -1.000000
vn 0.000000 0.000000 -1.000000
vn 0.000000 0.000000 -1.000000
vn 0.000000 0.000000 -1.000000
vn 0.000000 0.000000 -1.000000
vn -0.000003 0.000000 -1.000000
vn -0.000003 0.000000 -1.000000
vn 0.000003 0.000000 -1.000000
vn 0.000000 0.000000 -1.000000
vn -0.000003 0.000000 -1.000000
vn 0.000003 0.000000 -1.000000
vn 0.000003 0.000000 -1.000000
vn 0.000000 0.000000 -1.000000
vn 0.000000 0.000000 -1.000000
vn -0.000002 -1.000000 -0.000002
vn -0.000002 -1.000000 -0.000002
vn -0.000002 -1.000000 -0.000002
vn -0.000002 -1.000000 -0.000002
vn 0.000000 -1.000000 -0.000004
vn 0.000000 -1.000000 -0.000004
vn 0.000000 -1.000000 -0.000004
vn 0.000000 -1.000000 -0.000004
vn 0.000001 -1.000000 0.000001
vn 0.000001 -1.000000 0.000001
vn 0.000001 -1.000000 0.000001
vn 0.000001 -1.000000 0.000001
vn 0.000000 -1.000000 0.000000
vn 0.000000 -1.000000 0.000000
vn 0.000000 -1.000000 0.000000
vn 0.000000 -1.000000 0.000000
vn 0.000001 -1.000000 0.000000
vn 0.000001 -1.000000 0.000000
vn 0.000001 -1.000000 0.000000
vn 0.000001 -1.000000 0.000000
vn 0.000000 -1.000000 0.000005
vn 0.000000 -1.000000 0.000005
vn 0.000000 -1.000000 0.000005
vn 0.000000 -1.000000 0.000005
vn -0.000002 -1.000000 0.000002
vn -0.000002 -1.000000 0.000002
vn -0.000002 -1.000000 0.000002
vn -0.000002 -1.000000 0.000002
vn -0.000002 -1.000000 0.000000
vn -0.000002 -1.000000 0.000000
vn -0.000002 -1.000000 0.000000
vn -0.000002 -1.000000 0.000000
vn 0.721888 0.000000 0.692010
vn 0.721888 0.000000 0.692010
vn 0.721888 0.000000 0.692010
vn 0.721888 0.000000 0.692010
vn 0.000000 0.000000 1.000000
vn 0.000000 0.000000 1.000000
vn 0.000000 0.000000 1.000000
vn 0.000000 0.000000 1.000000
vn -0.721889 0.000000 0.692009
vn -0.721889 0.000000 0.692009
vn -0.721889 0.000000 0.692009
vn -0.721889 0.000000 0.692009
vn -1.000000 0.000001 0.000000
vn -1.000000 0.000001 0.000000
vn -1.000000 0.000001 0.000000
vn -1.000000 0.000001 0.000000
vn -0.721889 0.000000 -0.692009
vn -0.721889 0.000000 -0.692009
vn -0.721889 0.000000 -0.692009
vn -0.721889 0.000000 -0.692009
vn 0.000000 0.000000 -1.000000
vn 0.000000 0.000000 -1.000000
vn 0.000000 0.000000 -1.000000
vn 0.000000 0.000000 -1.000000
vn 0.721888 0.000000 -0.692010
vn 0.721888 0.000000 -0.692010
vn 0.721888 0.000000 -0.692010
vn 0.721888 0.000000 -0.692010
vn 1.000000 0.000000 0.000000
vn 1.000000 0.000000 0.000000
vn 1.000000 0.000000 0.000000
vn 1.000000 0.000000 0.000000
vn 0.511759 -0.770510 0.380022
vn 0.511759 -0.770510 0.380022
vn 0.511759 -0.770510 0.380022
vn 0.511759 -0.770510 0.380022
vn 0.000000 -0.375488 0.926827
vn 0.000000 -0.375488 0.926827
vn 0.000000 -0.375488 0.926827
vn 0.000000 -0.375488 0.926827
vn -0.511760 -0.770511 0.380019
vn -0.511760 -0.770511 0.380019
vn -0.511760 -0.770511 0.380019
vn -0.511760 -0.770511 0.380019
vn -0.616676 -0.787217 0.000000
vn -0.616676 -0.787217 0.000000
vn -0.616676 -0.787217 0.000000
vn -0.616676 -0.787217 0.000000
vn -0.511760 -0.770511 -0.380019
vn -0.511760 -0.770511 -0.380019
vn -0.511760 -0.770511 -0.380019
vn -0.511760 -0.770511 -0.380019
vn 0.000000 -0.375488 -0.926827
vn 0.000000 -0.375488 -0.926827
vn 0.000000 -0.375488 -0.926827
vn 0.000000 -0.375488 -0.926827
vn 0.511760 -0.770510 -0.380021
vn 0.511760 -0.770510 -0.380021
vn 0.511760 -0.770511 -0.380021
vn 0.511760 -0.770510 -0.380021
vn 0.616676 -0.787217 0.000000
vn 0.616676 -0.787217 0.000000
vn 0.616676 -0.787217 0.000000
vn 0.616676 -0.787217 0.000000
s off
g pCube7
usemtl lambert2SG
f 1124/1567/457 1123/1568/458 1125/1569/459 1126/1570/460 1127/1571/461 1128/1572/462 1129/1573/463 1130/1574/464
s 1
f 129/199/465 130/178/466 132/201/467 131/179/468
f 131/179/468 132/201/467 145/187/469 146/208/470
s 2
f 134/189/471 133/180/472 136/181/473 135/190/474
f 135/190/474 136/181/473 148/191/475 147/202/476
s 3
f 137/193/477 138/207/478 152/192/479 151/206/480
f 138/182/478 137/193/477 140/194/481 139/183/482
s 4
f 141/185/483 142/184/484 150/188/485 149/204/486
f 142/205/484 141/185/483 143/173/487 144/186/488
s off
f 146/208/489 145/187/490 147/202/491 148/191/492
f 149/204/493 150/188/494 151/206/495 152/192/496
s 5
f 132/201/497 130/178/498 134/189/499 135/190/500
s off
f 146/208/501 148/191/502 149/204/503 152/192/504
s 6
f 137/193/505 142/205/506 144/186/507 140/194/508
s off
f 136/181/509 133/180/510 143/195/511 141/196/512
f 138/197/513 139/198/514 129/199/515 131/200/516
s 5
f 132/201/497 135/190/500 147/202/517 145/187/518
s off
f 136/203/519 141/185/520 149/204/521 148/191/522
s 6
f 142/205/506 137/193/505 151/206/523 150/188/524
s off
f 138/207/525 131/179/526 146/208/527 152/192/528
usemtl lambert4SG
f 158/209/529 160/210/530 164/211/531 162/212/532
f 154/213/533 153/214/534 159/215/535 157/216/536
f 155/217/537 154/213/538 157/216/539 158/218/540 162/219/541 161/220/542
f 161/221/543 163/222/544 156/223/545 155/224/546
f 158/209/547 157/216/548 159/215/549 160/210/550
f 161/221/551 162/212/552 164/211/553 163/222/554
f 154/213/555 155/224/556 156/225/557 153/214/558
f 170/226/559 174/227/560 176/228/561 172/229/562
f 166/230/563 169/231/564 171/232/565 165/233/566
f 167/234/567 173/235/568 174/236/569 170/237/570 169/231/571 166/230/572
f 173/238/573 167/239/574 168/240/575 175/241/576
f 170/226/577 172/229/578 171/232/579 169/231/580
f 173/238/581 175/241/582 176/228/583 174/227/584
f 166/230/585 165/233/586 168/242/587 167/239/588
f 153/214/589 156/225/590 177/243/591 178/244/592
f 156/225/593 163/245/594 179/246/595 177/243/596
f 163/245/597 164/247/598 180/248/599 179/246/600
f 164/247/601 160/249/602 181/250/603 180/248/604
f 160/249/605 159/215/606 182/251/607 181/250/608
f 159/215/609 153/214/610 178/244/611 182/251/612
f 165/233/613 171/232/614 184/252/615 183/253/616
f 171/232/617 172/254/618 185/255/619 184/252/620
f 172/254/621 176/256/622 186/257/623 185/255/624
f 176/256/625 175/258/626 187/259/627 186/257/628
f 175/258/629 168/242/630 188/260/631 187/259/632
f 168/242/633 165/233/634 183/253/635 188/260/636
f 189/261/637 190/262/638 194/263/639 193/264/640
f 190/262/641 189/261/642 192/265/643 191/266/644
f 191/266/645 192/265/646 199/267/647 200/268/648
f 193/264/649 194/263/650 196/269/651 195/270/652
f 195/270/653 196/269/654 198/271/655 197/272/656
f 197/272/657 198/271/658 200/268/659 199/267/660
f 201/273/661 202/274/662 211/275/663 212/276/664
f 202/274/665 201/273/666 204/277/667 203/278/668
f 203/278/669 204/277/670 206/279/671 205/280/672
f 205/280/673 206/279/674 208/281/675 207/282/676
f 207/282/677 208/281/678 210/283/679 209/284/680
f 209/284/681 210/283/682 212/276/683 211/275/684
f 192/265/685 189/261/686 193/264/687 195/270/688 197/272/689 199/267/690
f 202/274/691 203/278/692 205/280/693 207/282/694 209/284/695 211/275/696
f 178/244/697 177/243/698 190/262/699 191/266/700
f 177/243/701 179/246/702 194/263/703 190/262/704
f 179/246/705 180/248/706 196/269/707 194/263/708
f 180/248/709 181/250/710 198/271/711 196/269/712
f 181/250/713 182/251/714 200/268/715 198/271/716
f 182/251/717 178/244/718 191/266/719 200/268/720
f 183/253/721 184/252/722 204/277/723 201/273/724
f 184/252/725 185/255/726 206/279/727 204/277/728
f 185/255/729 186/257/730 208/281/731 206/279/732
f 186/257/733 187/259/734 210/283/735 208/281/736
f 187/259/737 188/260/738 212/276/739 210/283/740
f 188/260/741 183/253/742 201/273/743 212/276/744
s 7
f 214/285/745 213/286/746 218/287/747 219/288/748
s 8
f 314/289/749 313/290/750 315/291/751 316/292/752
s 9
f 317/293/753 314/289/754 316/292/755 318/294/756
s 10
f 319/295/757 317/293/758 318/294/759 320/296/760
s 11
f 321/297/761 319/295/762 320/296/763 322/298/764
s 12
f 216/299/765 215/300/766 220/301/767 221/302/768
s 13
f 217/303/769 216/299/770 221/302/771 222/304/772
s 14
f 213/305/773 217/303/774 222/304/775 218/306/776
s 7
f 219/288/748 218/287/747 223/307/777 224/308/778
s 8
f 316/292/752 315/291/751 323/309/779 324/310/780
s 9
f 318/294/756 316/292/755 324/310/781 325/311/782
s 10
f 320/296/760 318/294/759 325/311/783 326/312/784
s 11
f 322/298/764 320/296/763 326/312/785 327/313/786
s 12
f 221/302/768 220/301/767 225/314/787 226/315/788
s 13
f 222/304/772 221/302/771 226/315/789 227/316/790
s 14
f 218/306/776 222/304/775 227/316/791 223/317/792
s 7
f 224/308/778 223/307/777 228/318/793 229/319/794
s 8
f 324/310/780 323/309/779 328/320/795 329/321/796
s 9
f 325/311/782 324/310/781 329/321/797 330/322/798
s 10
f 326/312/784 325/311/783 330/322/799 331/323/800
s 11
f 327/313/786 326/312/785 331/323/801 332/324/802
s 12
f 226/315/788 225/314/787 230/325/803 231/326/804
s 13
f 227/316/790 226/315/789 231/326/805 232/327/806
s 14
f 223/317/792 227/316/791 232/327/807 228/328/808
s 7
f 229/319/794 228/318/793 233/329/809 234/330/810
s 8
f 329/321/796 328/320/795 333/331/811 334/332/812
s 9
f 330/322/798 329/321/797 334/332/813 335/333/814
s 10
f 331/323/800 330/322/799 335/333/815 336/334/816
s 11
f 332/324/802 331/323/801 336/334/817 337/335/818
s 12
f 231/326/804 230/325/803 235/336/819 236/337/820
s 13
f 232/327/806 231/326/805 236/337/821 237/338/822
s 14
f 228/328/808 232/327/807 237/338/823 233/339/824
s 7
f 234/330/810 233/329/809 238/340/825 239/341/826
s 8
f 334/332/812 333/331/811 338/342/827 339/343/828
s 9
f 335/333/814 334/332/813 339/343/829 340/344/830
s 10
f 336/334/816 335/333/815 340/344/831 341/345/832
s 11
f 337/335/818 336/334/817 341/345/833 342/346/834
s 12
f 236/337/820 235/336/819 240/347/835 241/348/836
s 13
f 237/338/822 236/337/821 241/348/837 242/349/838
s 14
f 233/339/824 237/338/823 242/349/839 238/350/840
s 7
f 239/341/826 238/340/825 243/351/841 244/352/842
s 8
f 339/343/828 338/342/827 343/353/843 344/354/844
s 9
f 340/344/830 339/343/829 344/354/845 345/355/846
s 10
f 341/345/832 340/344/831 345/355/847 346/356/848
s 11
f 342/346/834 341/345/833 346/356/849 347/357/850
s 12
f 241/348/836 240/347/835 245/358/851 246/359/852
s 13
f 242/349/838 241/348/837 246/359/853 247/360/854
s 14
f 238/350/840 242/349/839 247/360/855 243/361/856
s 7
f 244/352/842 243/351/841 248/362/857 249/363/858
s 8
f 344/354/844 343/353/843 348/364/859 349/365/860
s 9
f 345/355/846 344/354/845 349/365/861 350/366/862
s 10
f 346/356/848 345/355/847 350/366/863 351/367/864
s 11
f 347/357/850 346/356/849 351/367/865 352/368/866
s 12
f 246/359/852 245/358/851 250/369/867 251/370/868
s 13
f 247/360/854 246/359/853 251/370/869 252/371/870
s 14
f 243/361/856 247/360/855 252/371/871 248/372/872
s 7
f 249/363/858 248/362/857 253/373/873 254/374/874
s 8
f 349/365/860 348/364/859 353/375/875 354/376/876
s 9
f 350/366/862 349/365/861 354/376/877 355/377/878
s 10
f 351/367/864 350/366/863 355/377/879 356/378/880
s 11
f 352/368/866 351/367/865 356/378/881 357/379/882
s 12
f 251/370/868 250/369/867 255/380/883 256/381/884
s 13
f 252/371/870 251/370/869 256/381/885 257/382/886
s 14
f 248/372/872 252/371/871 257/382/887 253/383/888
s 7
f 254/374/874 253/373/873 258/384/889 259/385/890
s 8
f 354/376/876 353/375/875 358/386/891 359/387/892
s 9
f 355/377/878 354/376/877 359/387/893 360/388/894
s 10
f 356/378/880 355/377/879 360/388/895 361/389/896
s 11
f 357/379/882 356/378/881 361/389/897 362/390/898
s 12
f 256/381/884 255/380/883 260/391/899 261/392/900
s 13
f 257/382/886 256/381/885 261/392/901 262/393/902
s 14
f 253/383/888 257/382/887 262/393/903 258/394/904
s 7
f 259/385/890 258/384/889 263/395/905 264/396/906
s 8
f 359/387/892 358/386/891 363/397/907 364/398/908
s 9
f 360/388/894 359/387/893 364/398/909 365/399/910
s 10
f 361/389/896 360/388/895 365/399/911 366/400/912
s 11
f 362/390/898 361/389/897 366/400/913 367/401/914
s 12
f 261/392/900 260/391/899 265/402/915 266/403/916
s 13
f 262/393/902 261/392/901 266/403/917 267/404/918
s 14
f 258/394/904 262/393/903 267/404/919 263/405/920
s 7
f 264/396/906 263/395/905 268/406/921 269/407/922
s 8
f 364/398/908 363/397/907 368/408/923 369/409/924
s 9
f 365/399/910 364/398/909 369/409/925 370/410/926
s 10
f 366/400/912 365/399/911 370/410/927 371/411/928
s 11
f 367/401/914 366/400/913 371/411/929 372/412/930
s 12
f 266/403/916 265/402/915 270/413/931 271/414/932
s 13
f 267/404/918 266/403/917 271/414/933 272/415/934
s 14
f 263/405/920 267/404/919 272/415/935 268/416/936
s 7
f 269/407/922 268/406/921 273/417/937 274/418/938
s 8
f 369/409/924 368/408/923 373/419/939 374/420/940
s 9
f 370/410/926 369/409/925 374/420/941 375/421/942
s 10
f 371/411/928 370/410/927 375/421/943 376/422/944
s 11
f 372/412/930 371/411/929 376/422/945 377/423/946
s 12
f 271/414/932 270/413/931 275/424/947 276/425/948
s 13
f 272/415/934 271/414/933 276/425/949 277/426/950
s 14
f 268/416/936 272/415/935 277/426/951 273/427/952
s 7
f 274/418/938 273/417/937 278/428/953 279/429/954
s 8
f 374/420/940 373/419/939 378/430/955 379/431/956
s 9
f 375/421/942 374/420/941 379/431/957 380/432/958
s 10
f 376/422/944 375/421/943 380/432/959 381/433/960
s 11
f 377/423/946 376/422/945 381/433/961 382/434/962
s 12
f 276/425/948 275/424/947 280/435/963 281/436/964
s 13
f 277/426/950 276/425/949 281/436/965 282/437/966
s 14
f 273/427/952 277/426/951 282/437/967 278/438/968
s 7
f 279/429/954 278/428/953 283/439/969 284/440/970
s 8
f 379/431/956 378/430/955 383/441/971 384/442/972
s 9
f 380/432/958 379/431/957 384/442/973 385/443/974
s 10
f 381/433/960 380/432/959 385/443/975 386/444/976
s 11
f 382/434/962 381/433/961 386/444/977 387/445/978
s 12
f 281/436/964 280/435/963 285/446/979 286/447/980
s 13
f 282/437/966 281/436/965 286/447/981 287/448/982
s 14
f 278/438/968 282/437/967 287/448/983 283/449/984
s 7
f 284/440/970 283/439/969 288/450/985 289/451/986
s 8
f 384/442/972 383/441/971 388/452/987 389/453/988
s 9
f 385/443/974 384/442/973 389/453/989 390/454/990
s 10
f 386/444/976 385/443/975 390/454/991 391/455/992
s 11
f 387/445/978 386/444/977 391/455/993 392/456/994
s 12
f 286/447/980 285/446/979 290/457/995 291/458/996
s 13
f 287/448/982 286/447/981 291/458/997 292/459/998
s 14
f 283/449/984 287/448/983 292/459/999 288/460/1000
s 7
f 289/451/986 288/450/985 293/461/1001 294/462/1002
s 8
f 389/453/988 388/452/987 393/463/1003 394/464/1004
s 9
f 390/454/990 389/453/989 394/464/1005 395/465/1006
s 10
f 391/455/992 390/454/991 395/465/1007 396/466/1008
s 11
f 392/456/994 391/455/993 396/466/1009 397/467/1010
s 12
f 291/458/996 290/457/995 295/468/1011 296/469/1012
s 13
f 292/459/998 291/458/997 296/469/1013 297/470/1014
s 14
f 288/460/1000 292/459/999 297/470/1015 293/471/1016
s 7
f 294/462/1002 293/461/1001 298/472/1017 299/473/1018
s 8
f 394/464/1004 393/463/1003 398/474/1019 399/475/1020
s 9
f 395/465/1006 394/464/1005 399/475/1021 400/476/1022
s 10
f 396/466/1008 395/465/1007 400/476/1023 401/477/1024
s 11
f 397/467/1010 396/466/1009 401/477/1025 402/478/1026
s 12
f 296/469/1012 295/468/1011 300/479/1027 301/480/1028
s 13
f 297/470/1014 296/469/1013 301/480/1029 302/481/1030
s 14
f 293/471/1016 297/470/1015 302/481/1031 298/482/1032
s 7
f 299/473/1018 298/472/1017 303/483/1033 304/484/1034
s 8
f 399/475/1020 398/474/1019 403/485/1035 404/486/1036
s 9
f 400/476/1022 399/475/1021 404/486/1037 405/487/1038
s 10
f 401/477/1024 400/476/1023 405/487/1039 406/488/1040
s 11
f 402/478/1026 401/477/1025 406/488/1041 407/489/1042
s 12
f 301/480/1028 300/479/1027 305/490/1043 306/491/1044
s 13
f 302/481/1030 301/480/1029 306/491/1045 307/492/1046
s 14
f 298/482/1032 302/481/1031 307/492/1047 303/493/1048
s 7
f 304/484/1034 303/483/1033 308/494/1049 309/495/1050
s 8
f 404/486/1036 403/485/1035 408/496/1051 409/497/1052
s 9
f 405/487/1038 404/486/1037 409/497/1053 410/498/1054
s 10
f 406/488/1040 405/487/1039 410/498/1055 411/499/1056
s 11
f 407/489/1042 406/488/1041 411/499/1057 412/500/1058
s 12
f 306/491/1044 305/490/1043 310/501/1059 311/502/1060
s 13
f 307/492/1046 306/491/1045 311/502/1061 312/503/1062
s 14
f 303/493/1048 307/492/1047 312/503/1063 308/504/1064
s 7
f 309/495/1050 308/494/1049 213/505/746 214/506/745
s 8
f 409/497/1052 408/496/1051 313/507/750 314/508/749
s 9
f 410/498/1054 409/497/1053 314/508/754 317/509/753
s 10
f 411/499/1056 410/498/1055 317/509/758 319/510/757
s 11
f 412/500/1058 411/499/1057 319/510/762 321/511/761
s 12
f 311/502/1060 310/501/1059 215/512/766 216/513/765
s 13
f 312/503/1062 311/502/1061 216/513/770 217/514/769
s 14
f 308/504/1064 312/503/1063 217/514/774 213/515/773
s off
f 214/285/1065 219/288/1066 315/291/1067 313/290/1068
f 220/301/1069 215/300/1070 321/297/1071 322/298/1072
f 219/288/1073 224/308/1074 323/309/1075 315/291/1076
f 225/314/1077 220/301/1078 322/298/1079 327/313/1080
f 224/308/1081 229/319/1082 328/320/1083 323/309/1084
f 230/325/1085 225/314/1086 327/313/1087 332/324/1088
f 229/319/1089 234/330/1090 333/331/1091 328/320/1092
f 235/336/1093 230/325/1094 332/324/1095 337/335/1096
f 234/330/1097 239/341/1098 338/342/1099 333/331/1100
f 240/347/1101 235/336/1102 337/335/1103 342/346/1104
f 239/341/1105 244/352/1106 343/353/1107 338/342/1108
f 245/358/1109 240/347/1110 342/346/1111 347/357/1112
f 244/352/1113 249/363/1114 348/364/1115 343/353/1116
f 250/369/1117 245/358/1118 347/357/1119 352/368/1120
f 249/363/1121 254/374/1122 353/375/1123 348/364/1124
f 255/380/1125 250/369/1126 352/368/1127 357/379/1128
f 254/374/1129 259/385/1130 358/386/1131 353/375/1132
f 260/391/1133 255/380/1134 357/379/1135 362/390/1136
f 259/385/1137 264/396/1138 363/397/1139 358/386/1140
f 265/402/1141 260/391/1142 362/390/1143 367/401/1144
f 264/396/1145 269/407/1146 368/408/1147 363/397/1148
f 270/413/1149 265/402/1150 367/401/1151 372/412/1152
f 269/407/1153 274/418/1154 373/419/1155 368/408/1156
f 275/424/1157 270/413/1158 372/412/1159 377/423/1160
f 274/418/1161 279/429/1162 378/430/1163 373/419/1164
f 280/435/1165 275/424/1166 377/423/1167 382/434/1168
f 279/429/1169 284/440/1170 383/441/1171 378/430/1172
f 285/446/1173 280/435/1174 382/434/1175 387/445/1176
f 284/440/1177 289/451/1178 388/452/1179 383/441/1180
f 290/457/1181 285/446/1182 387/445/1183 392/456/1184
f 289/451/1185 294/462/1186 393/463/1187 388/452/1188
f 295/468/1189 290/457/1190 392/456/1191 397/467/1192
f 294/462/1193 299/473/1194 398/474/1195 393/463/1196
f 300/479/1197 295/468/1198 397/467/1199 402/478/1200
f 299/473/1201 304/484/1202 403/485/1203 398/474/1204
f 305/490/1205 300/479/1206 402/478/1207 407/489/1208
f 304/484/1209 309/495/1210 408/496/1211 403/485/1212
f 310/501/1213 305/490/1214 407/489/1215 412/500/1216
f 309/495/1217 214/506/1218 313/507/1219 408/496/1220
f 215/512/1221 310/501/1222 412/500/1223 321/511/1224
s 15
f 414/516/1225 419/517/1226 418/518/1227 413/519/1228
s 16
f 514/520/1229 516/521/1230 515/522/1231 513/523/1232
s 17
f 517/524/1233 518/525/1234 516/521/1235 514/520/1236
s 18
f 519/526/1237 520/527/1238 518/525/1239 517/524/1240
s 19
f 521/528/1241 522/529/1242 520/527/1243 519/526/1244
s 20
f 416/530/1245 421/531/1246 420/532/1247 415/533/1248
s 21
f 417/534/1249 422/535/1250 421/531/1251 416/530/1252
s 22
f 413/536/1253 418/537/1254 422/535/1255 417/534/1256
s 15
f 419/517/1226 424/538/1257 423/539/1258 418/518/1227
s 16
f 516/521/1230 524/540/1259 523/541/1260 515/522/1231
s 17
f 518/525/1234 525/542/1261 524/540/1262 516/521/1235
s 18
f 520/527/1238 526/543/1263 525/542/1264 518/525/1239
s 19
f 522/529/1242 527/544/1265 526/543/1266 520/527/1243
s 20
f 421/531/1246 426/545/1267 425/546/1268 420/532/1247
s 21
f 422/535/1250 427/547/1269 426/545/1270 421/531/1251
s 22
f 418/537/1254 423/548/1271 427/547/1272 422/535/1255
s 15
f 424/538/1257 429/549/1273 428/550/1274 423/539/1258
s 16
f 524/540/1259 529/551/1275 528/552/1276 523/541/1260
s 17
f 525/542/1261 530/553/1277 529/551/1278 524/540/1262
s 18
f 526/543/1263 531/554/1279 530/553/1280 525/542/1264
s 19
f 527/544/1265 532/555/1281 531/554/1282 526/543/1266
s 20
f 426/545/1267 431/556/1283 430/557/1284 425/546/1268
s 21
f 427/547/1269 432/558/1285 431/556/1286 426/545/1270
s 22
f 423/548/1271 428/559/1287 432/558/1288 427/547/1272
s 15
f 429/549/1273 434/560/1289 433/561/1290 428/550/1274
s 16
f 529/551/1275 534/562/1291 533/563/1292 528/552/1276
s 17
f 530/553/1277 535/564/1293 534/562/1294 529/551/1278
s 18
f 531/554/1279 536/565/1295 535/564/1296 530/553/1280
s 19
f 532/555/1281 537/566/1297 536/565/1298 531/554/1282
s 20
f 431/556/1283 436/567/1299 435/568/1300 430/557/1284
s 21
f 432/558/1285 437/569/1301 436/567/1302 431/556/1286
s 22
f 428/559/1287 433/570/1303 437/569/1304 432/558/1288
s 15
f 434/560/1289 439/571/1305 438/572/1306 433/561/1290
s 16
f 534/562/1291 539/573/1307 538/574/1308 533/563/1292
s 17
f 535/564/1293 540/575/1309 539/573/1310 534/562/1294
s 18
f 536/565/1295 541/576/1311 540/575/1312 535/564/1296
s 19
f 537/566/1297 542/577/1313 541/576/1314 536/565/1298
s 20
f 436/567/1299 441/578/1315 440/579/1316 435/568/1300
s 21
f 437/569/1301 442/580/1317 441/578/1318 436/567/1302
s 22
f 433/570/1303 438/581/1319 442/580/1320 437/569/1304
s 15
f 439/571/1305 444/582/1321 443/583/1322 438/572/1306
s 16
f 539/573/1307 544/584/1323 543/585/1324 538/574/1308
s 17
f 540/575/1309 545/586/1325 544/584/1326 539/573/1310
s 18
f 541/576/1311 546/587/1327 545/586/1328 540/575/1312
s 19
f 542/577/1313 547/588/1329 546/587/1330 541/576/1314
s 20
f 441/578/1315 446/589/1331 445/590/1332 440/579/1316
s 21
f 442/580/1317 447/591/1333 446/589/1334 441/578/1318
s 22
f 438/581/1319 443/592/1335 447/591/1336 442/580/1320
s 15
f 444/582/1321 449/593/1337 448/594/1338 443/583/1322
s 16
f 544/584/1323 549/595/1339 548/596/1340 543/585/1324
s 17
f 545/586/1325 550/597/1341 549/595/1342 544/584/1326
s 18
f 546/587/1327 551/598/1343 550/597/1344 545/586/1328
s 19
f 547/588/1329 552/599/1345 551/598/1346 546/587/1330
s 20
f 446/589/1331 451/600/1347 450/601/1348 445/590/1332
s 21
f 447/591/1333 452/602/1349 451/600/1350 446/589/1334
s 22
f 443/592/1335 448/603/1351 452/602/1352 447/591/1336
s 15
f 449/593/1337 454/604/1353 453/605/1354 448/594/1338
s 16
f 549/595/1339 554/606/1355 553/607/1356 548/596/1340
s 17
f 550/597/1341 555/608/1357 554/606/1358 549/595/1342
s 18
f 551/598/1343 556/609/1359 555/608/1360 550/597/1344
s 19
f 552/599/1345 557/610/1361 556/609/1362 551/598/1346
s 20
f 451/600/1347 456/611/1363 455/612/1364 450/601/1348
s 21
f 452/602/1349 457/613/1365 456/611/1366 451/600/1350
s 22
f 448/603/1351 453/614/1367 457/613/1368 452/602/1352
s 15
f 454/604/1353 459/615/1369 458/616/1370 453/605/1354
s 16
f 554/606/1355 559/617/1371 558/618/1372 553/607/1356
s 17
f 555/608/1357 560/619/1373 559/617/1374 554/606/1358
s 18
f 556/609/1359 561/620/1375 560/619/1376 555/608/1360
s 19
f 557/610/1361 562/621/1377 561/620/1378 556/609/1362
s 20
f 456/611/1363 461/622/1379 460/623/1380 455/612/1364
s 21
f 457/613/1365 462/624/1381 461/622/1382 456/611/1366
s 22
f 453/614/1367 458/625/1383 462/624/1384 457/613/1368
s 15
f 459/615/1369 464/626/1385 463/627/1386 458/616/1370
s 16
f 559/617/1371 564/628/1387 563/629/1388 558/618/1372
s 17
f 560/619/1373 565/630/1389 564/628/1390 559/617/1374
s 18
f 561/620/1375 566/631/1391 565/630/1392 560/619/1376
s 19
f 562/621/1377 567/632/1393 566/631/1394 561/620/1378
s 20
f 461/622/1379 466/633/1395 465/634/1396 460/623/1380
s 21
f 462/624/1381 467/635/1397 466/633/1398 461/622/1382
s 22
f 458/625/1383 463/636/1399 467/635/1400 462/624/1384
s 15
f 464/626/1385 469/637/1401 468/638/1402 463/627/1386
s 16
f 564/628/1387 569/639/1403 568/640/1404 563/629/1388
s 17
f 565/630/1389 570/641/1405 569/639/1406 564/628/1390
s 18
f 566/631/1391 571/642/1407 570/641/1408 565/630/1392
s 19
f 567/632/1393 572/643/1409 571/642/1410 566/631/1394
s 20
f 466/633/1395 471/644/1411 470/645/1412 465/634/1396
s 21
f 467/635/1397 472/646/1413 471/644/1414 466/633/1398
s 22
f 463/636/1399 468/647/1415 472/646/1416 467/635/1400
s 15
f 469/637/1401 474/648/1417 473/649/1418 468/638/1402
s 16
f 569/639/1403 574/650/1419 573/651/1420 568/640/1404
s 17
f 570/641/1405 575/652/1421 574/650/1422 569/639/1406
s 18
f 571/642/1407 576/653/1423 575/652/1424 570/641/1408
s 19
f 572/643/1409 577/654/1425 576/653/1426 571/642/1410
s 20
f 471/644/1411 476/655/1427 475/656/1428 470/645/1412
s 21
f 472/646/1413 477/657/1429 476/655/1430 471/644/1414
s 22
f 468/647/1415 473/658/1431 477/657/1432 472/646/1416
s 15
f 474/648/1417 479/659/1433 478/660/1434 473/649/1418
s 16
f 574/650/1419 579/661/1435 578/662/1436 573/651/1420
s 17
f 575/652/1421 580/663/1437 579/661/1438 574/650/1422
s 18
f 576/653/1423 581/664/1439 580/663/1440 575/652/1424
s 19
f 577/654/1425 582/665/1441 581/664/1442 576/653/1426
s 20
f 476/655/1427 481/666/1443 480/667/1444 475/656/1428
s 21
f 477/657/1429 482/668/1445 481/666/1446 476/655/1430
s 22
f 473/658/1431 478/669/1447 482/668/1448 477/657/1432
s 15
f 479/659/1433 484/670/1449 483/671/1450 478/660/1434
s 16
f 579/661/1435 584/672/1451 583/673/1452 578/662/1436
s 17
f 580/663/1437 585/674/1453 584/672/1454 579/661/1438
s 18
f 581/664/1439 586/675/1455 585/674/1456 580/663/1440
s 19
f 582/665/1441 587/676/1457 586/675/1458 581/664/1442
s 20
f 481/666/1443 486/677/1459 485/678/1460 480/667/1444
s 21
f 482/668/1445 487/679/1461 486/677/1462 481/666/1446
s 22
f 478/669/1447 483/680/1463 487/679/1464 482/668/1448
s 15
f 484/670/1449 489/681/1465 488/682/1466 483/671/1450
s 16
f 584/672/1451 589/683/1467 588/684/1468 583/673/1452
s 17
f 585/674/1453 590/685/1469 589/683/1470 584/672/1454
s 18
f 586/675/1455 591/686/1471 590/685/1472 585/674/1456
s 19
f 587/676/1457 592/687/1473 591/686/1474 586/675/1458
s 20
f 486/677/1459 491/688/1475 490/689/1476 485/678/1460
s 21
f 487/679/1461 492/690/1477 491/688/1478 486/677/1462
s 22
f 483/680/1463 488/691/1479 492/690/1480 487/679/1464
s 15
f 489/681/1465 494/692/1481 493/693/1482 488/682/1466
s 16
f 589/683/1467 594/694/1483 593/695/1484 588/684/1468
s 17
f 590/685/1469 595/696/1485 594/694/1486 589/683/1470
s 18
f 591/686/1471 596/697/1487 595/696/1488 590/685/1472
s 19
f 592/687/1473 597/698/1489 596/697/1490 591/686/1474
s 20
f 491/688/1475 496/699/1491 495/700/1492 490/689/1476
s 21
f 492/690/1477 497/701/1493 496/699/1494 491/688/1478
s 22
f 488/691/1479 493/702/1495 497/701/1496 492/690/1480
s 15
f 494/692/1481 499/703/1497 498/704/1498 493/693/1482
s 16
f 594/694/1483 599/705/1499 598/706/1500 593/695/1484
s 17
f 595/696/1485 600/707/1501 599/705/1502 594/694/1486
s 18
f 596/697/1487 601/708/1503 600/707/1504 595/696/1488
s 19
f 597/698/1489 602/709/1505 601/708/1506 596/697/1490
s 20
f 496/699/1491 501/710/1507 500/711/1508 495/700/1492
s 21
f 497/701/1493 502/712/1509 501/710/1510 496/699/1494
s 22
f 493/702/1495 498/713/1511 502/712/1512 497/701/1496
s 15
f 499/703/1497 504/714/1513 503/715/1514 498/704/1498
s 16
f 599/705/1499 604/716/1515 603/717/1516 598/706/1500
s 17
f 600/707/1501 605/718/1517 604/716/1518 599/705/1502
s 18
f 601/708/1503 606/719/1519 605/718/1520 600/707/1504
s 19
f 602/709/1505 607/720/1521 606/719/1522 601/708/1506
s 20
f 501/710/1507 506/721/1523 505/722/1524 500/711/1508
s 21
f 502/712/1509 507/723/1525 506/721/1526 501/710/1510
s 22
f 498/713/1511 503/724/1527 507/723/1528 502/712/1512
s 15
f 504/714/1513 509/725/1529 508/726/1530 503/715/1514
s 16
f 604/716/1515 609/727/1531 608/728/1532 603/717/1516
s 17
f 605/718/1517 610/729/1533 609/727/1534 604/716/1518
s 18
f 606/719/1519 611/730/1535 610/729/1536 605/718/1520
s 19
f 607/720/1521 612/731/1537 611/730/1538 606/719/1522
s 20
f 506/721/1523 511/732/1539 510/733/1540 505/722/1524
s 21
f 507/723/1525 512/734/1541 511/732/1542 506/721/1526
s 22
f 503/724/1527 508/735/1543 512/734/1544 507/723/1528
s 15
f 509/725/1529 414/736/1225 413/737/1228 508/726/1530
s 16
f 609/727/1531 514/738/1229 513/739/1232 608/728/1532
s 17
f 610/729/1533 517/740/1233 514/738/1236 609/727/1534
s 18
f 611/730/1535 519/741/1237 517/740/1240 610/729/1536
s 19
f 612/731/1537 521/742/1241 519/741/1244 611/730/1538
s 20
f 511/732/1539 416/743/1245 415/744/1248 510/733/1540
s 21
f 512/734/1541 417/745/1249 416/743/1252 511/732/1542
s 22
f 508/735/1543 413/746/1253 417/745/1256 512/734/1544
s off
f 414/516/1545 513/523/1546 515/522/1547 419/517/1548
f 420/532/1549 522/529/1550 521/528/1551 415/533/1552
f 419/517/1553 515/522/1554 523/541/1555 424/538/1556
f 425/546/1557 527/544/1558 522/529/1559 420/532/1560
f 424/538/1561 523/541/1562 528/552/1563 429/549/1564
f 430/557/1565 532/555/1566 527/544/1567 425/546/1568
f 429/549/1569 528/552/1570 533/563/1571 434/560/1572
f 435/568/1573 537/566/1574 532/555/1575 430/557/1576
f 434/560/1577 533/563/1578 538/574/1579 439/571/1580
f 440/579/1581 542/577/1582 537/566/1583 435/568/1584
f 439/571/1585 538/574/1586 543/585/1587 444/582/1588
f 445/590/1589 547/588/1590 542/577/1591 440/579/1592
f 444/582/1593 543/585/1594 548/596/1595 449/593/1596
f 450/601/1597 552/599/1598 547/588/1599 445/590/1600
f 449/593/1601 548/596/1602 553/607/1603 454/604/1604
f 455/612/1605 557/610/1606 552/599/1607 450/601/1608
f 454/604/1609 553/607/1610 558/618/1611 459/615/1612
f 460/623/1613 562/621/1614 557/610/1615 455/612/1616
f 459/615/1617 558/618/1618 563/629/1619 464/626/1620
f 465/634/1621 567/632/1622 562/621/1623 460/623/1624
f 464/626/1625 563/629/1626 568/640/1627 469/637/1628
f 470/645/1629 572/643/1630 567/632/1631 465/634/1632
f 469/637/1633 568/640/1634 573/651/1635 474/648/1636
f 475/656/1637 577/654/1638 572/643/1639 470/645/1640
f 474/648/1641 573/651/1642 578/662/1643 479/659/1644
f 480/667/1645 582/665/1646 577/654/1647 475/656/1648
f 479/659/1649 578/662/1650 583/673/1651 484/670/1652
f 485/678/1653 587/676/1654 582/665/1655 480/667/1656
f 484/670/1657 583/673/1658 588/684/1659 489/681/1660
f 490/689/1661 592/687/1662 587/676/1663 485/678/1664
f 489/681/1665 588/684/1666 593/695/1667 494/692/1668
f 495/700/1669 597/698/1670 592/687/1671 490/689/1672
f 494/692/1673 593/695/1674 598/706/1675 499/703/1676
f 500/711/1677 602/709/1678 597/698/1679 495/700/1680
f 499/703/1681 598/706/1682 603/717/1683 504/714/1684
f 505/722/1685 607/720/1686 602/709/1687 500/711/1688
f 504/714/1689 603/717/1690 608/728/1691 509/725/1692
f 510/733/1693 612/731/1694 607/720/1695 505/722/1696
f 509/725/1697 608/728/1698 513/739/1699 414/736/1700
f 415/744/1701 521/742/1702 612/731/1703 510/733/1704
s 23
usemtl lambert3SG
f 619/747/1705 620/748/1706 614/749/1707 613/750/1708
f 615/751/1709 616/752/1710 618/753/1711 617/754/1712
f 617/754/1712 618/753/1711 620/748/1706 619/747/1705
s off
f 641/755/1713 638/756/1714 644/757/1715 646/758/1716
f 645/759/1717 643/760/1718 649/761/1719 651/762/1720
f 650/763/1721 648/764/1722 654/765/1723 656/766/1724
f 655/767/1725 653/768/1726 639/769/1727 640/770/1728
f 666/771/1729 663/772/1730 659/773/1731 661/774/1732
f 660/775/1733 658/776/1734 669/777/1735 671/778/1736
f 670/779/1737 668/780/1738 674/781/1739 676/782/1740
f 675/783/1741 673/784/1742 664/785/1743 665/786/1744
s 24
f 621/787/1745 622/788/1746 630/789/1747 629/790/1748
s off
f 622/788/1749 621/787/1750 623/791/1751 624/792/1752
s 25
f 624/793/1753 623/791/1754 631/794/1755 632/795/1756
s off
f 625/796/1757 626/797/1758 628/798/1759 627/799/1760
s 24
f 626/800/1761 625/801/1762 635/802/1763 636/803/1764
s 25
f 627/804/1765 628/805/1766 634/806/1767 633/807/1768
s 24
f 629/808/1748 630/809/1747 636/810/1764 635/811/1763
s 25
f 632/812/1756 631/813/1755 633/814/1768 634/815/1767
s off
f 613/816/1769 614/817/1770 623/791/1771 621/787/1772
f 625/796/1773 627/799/1774 616/752/1775 615/751/1776
s 26
f 614/817/1777 620/818/1778 631/794/1779 623/791/1780
s 27
f 619/819/1781 613/816/1782 621/787/1783 629/790/1784
f 615/820/1785 617/821/1786 635/802/1787 625/801/1788
s 26
f 633/807/1789 618/822/1790 616/823/1791 627/804/1792
s 28
f 630/809/1793 632/812/1794 634/815/1795 636/810/1796
s 27
f 617/821/1786 619/819/1781 629/790/1784 635/802/1787
s 26
f 631/794/1779 620/818/1778 618/822/1790 633/807/1789
s 28
f 622/788/1797 624/792/1798 642/824/1799 644/757/1800 638/756/1801 637/825/1802
f 624/792/1798 632/812/1794 647/826/1803 649/761/1804 643/760/1805 642/824/1799
f 632/812/1794 630/809/1793 652/827/1806 654/765/1807 648/764/1808 647/826/1803
f 630/809/1793 622/788/1797 637/825/1802 639/769/1809 653/768/1810 652/827/1806
f 636/810/1796 634/815/1795 657/828/1811 659/773/1812 663/772/1813 662/829/1814
f 634/815/1795 628/798/1815 667/830/1816 669/777/1817 658/776/1818 657/828/1811
f 628/798/1815 626/797/1819 672/831/1820 674/781/1821 668/780/1822 667/830/1816
f 626/797/1819 636/810/1796 662/829/1814 664/785/1823 673/784/1824 672/831/1820
s off
f 640/770/1825 641/755/1826 646/758/1827 645/759/1828 651/762/1829 650/763/1830 656/766/1831 655/767/1832
f 665/786/1833 666/771/1834 661/774/1835 660/775/1836 671/778/1837 670/779/1838 676/782/1839 675/783/1840
f 639/769/1841 638/756/1842 641/755/1843 640/770/1844
f 644/757/1845 643/760/1846 645/759/1847 646/758/1848
f 649/761/1849 648/764/1850 650/763/1851 651/762/1852
f 654/765/1853 653/768/1854 655/767/1855 656/766/1856
f 659/773/1857 658/776/1858 660/775/1859 661/774/1860
f 664/785/1861 663/772/1862 666/771/1863 665/786/1864
f 669/777/1865 668/780/1866 670/779/1867 671/778/1868
f 674/781/1869 673/784/1870 675/783/1871 676/782/1872
s 28
f 637/825/1802 638/756/1801 639/769/1809
f 642/824/1799 643/760/1805 644/757/1800
f 647/826/1803 648/764/1808 649/761/1804
f 652/827/1806 653/768/1810 654/765/1807
f 657/828/1811 658/776/1818 659/773/1812
f 662/829/1814 663/772/1813 664/785/1823
f 667/830/1816 668/780/1822 669/777/1817
f 672/831/1820 673/784/1824 674/781/1821
s 30
f 679/832/1873 680/833/1874 682/834/1875 681/835/1876
f 680/836/1874 679/837/1873 717/838/1877 718/839/1878
f 681/835/1876 682/840/1875 684/841/1879 683/842/1880
f 683/842/1880 684/843/1879 686/844/1881 685/845/1882
f 685/845/1882 686/846/1881 688/847/1883 687/848/1884
f 687/848/1884 688/849/1883 690/850/1885 689/851/1886
f 689/851/1886 690/852/1885 692/853/1887 691/854/1888
f 691/854/1888 692/855/1887 694/856/1889 693/857/1890
f 693/857/1890 694/858/1889 696/859/1891 695/860/1892
f 695/860/1892 696/861/1891 698/862/1893 697/863/1894
f 697/863/1894 698/864/1893 700/865/1895 699/866/1896
f 699/866/1896 700/867/1895 702/868/1897 701/869/1898
f 701/869/1898 702/870/1897 704/871/1899 703/872/1900
f 703/872/1900 704/873/1899 706/874/1901 705/875/1902
f 705/875/1902 706/876/1901 708/877/1903 707/878/1904
f 707/878/1904 708/879/1903 710/880/1905 709/881/1906
f 709/881/1906 710/882/1905 712/883/1907 711/884/1908
f 711/884/1908 712/885/1907 714/886/1909 713/887/1910
f 713/887/1910 714/888/1909 716/889/1911 715/890/1912
f 715/890/1912 716/891/1911 718/892/1878 717/838/1877
s 31
f 719/893/1913 720/894/1914 758/895/1915 757/896/1916
f 720/897/1914 719/898/1913 721/899/1917 722/900/1918
f 722/901/1918 721/899/1917 723/902/1919 724/903/1920
f 724/904/1920 723/902/1919 725/905/1921 726/906/1922
f 726/907/1922 725/905/1921 727/908/1923 728/909/1924
f 728/910/1924 727/908/1923 729/911/1925 730/912/1926
f 730/913/1926 729/911/1925 731/914/1927 732/915/1928
f 732/916/1928 731/914/1927 733/917/1929 734/918/1930
f 734/919/1930 733/917/1929 735/920/1931 736/921/1932
f 736/922/1932 735/920/1931 737/923/1933 738/924/1934
f 738/925/1934 737/923/1933 739/926/1935 740/927/1936
f 740/928/1936 739/926/1935 741/929/1937 742/930/1938
f 742/931/1938 741/929/1937 743/932/1939 744/933/1940
f 744/934/1940 743/932/1939 745/935/1941 746/936/1942
f 746/937/1942 745/935/1941 747/938/1943 748/939/1944
f 748/940/1944 747/938/1943 749/941/1945 750/942/1946
f 750/943/1946 749/941/1945 751/944/1947 752/945/1948
f 752/946/1948 751/944/1947 753/947/1949 754/948/1950
f 754/949/1950 753/947/1949 755/950/1951 756/951/1952
f 756/952/1952 755/950/1951 757/896/1916 758/953/1915
s 32
f 679/832/1953 681/835/1954 721/899/1955 719/898/1956
f 681/835/1954 683/842/1957 723/902/1958 721/899/1955
f 683/842/1957 685/845/1959 725/905/1960 723/902/1958
f 685/845/1959 687/848/1961 727/908/1962 725/905/1960
f 687/848/1961 689/851/1963 729/911/1964 727/908/1962
f 689/851/1963 691/854/1965 731/914/1966 729/911/1964
f 691/854/1965 693/857/1967 733/917/1968 731/914/1966
f 693/857/1967 695/860/1969 735/920/1970 733/917/1968
f 695/860/1969 697/863/1971 737/923/1972 735/920/1970
f 697/863/1971 699/866/1973 739/926/1974 737/923/1972
f 699/866/1973 701/869/1975 741/929/1976 739/926/1974
f 701/869/1975 703/872/1977 743/932/1978 741/929/1976
f 703/872/1977 705/875/1979 745/935/1980 743/932/1978
f 705/875/1979 707/878/1981 747/938/1982 745/935/1980
f 707/878/1981 709/881/1983 749/941/1984 747/938/1982
f 709/881/1983 711/884/1985 751/944/1986 749/941/1984
f 711/884/1985 713/887/1987 753/947/1988 751/944/1986
f 713/887/1987 715/890/1989 755/950/1990 753/947/1988
f 715/890/1989 717/838/1991 757/896/1992 755/950/1990
f 717/838/1991 679/837/1953 719/893/1956 757/896/1992
s 33
f 682/954/1993 680/955/1994 677/956/1995
f 684/957/1996 682/954/1993 677/956/1995
f 686/958/1997 684/957/1996 677/956/1995
f 688/959/1998 686/958/1997 677/956/1995
f 690/960/1999 688/959/1998 677/956/1995
f 692/961/2000 690/960/1999 677/956/1995
f 694/962/2001 692/961/2000 677/956/1995
f 696/963/2002 694/962/2001 677/956/1995
f 698/964/2003 696/963/2002 677/956/1995
f 700/965/2004 698/964/2003 677/956/1995
f 702/966/2005 700/965/2004 677/956/1995
f 704/967/2006 702/966/2005 677/956/1995
f 706/968/2007 704/967/2006 677/956/1995
f 708/969/2008 706/968/2007 677/956/1995
f 710/970/2009 708/969/2008 677/956/1995
f 712/971/2010 710/970/2009 677/956/1995
f 714/972/2011 712/971/2010 677/956/1995
f 716/973/2012 714/972/2011 677/956/1995
f 718/974/2013 716/973/2012 677/956/1995
f 680/955/1994 718/974/2013 677/956/1995
s 34
f 720/975/2014 722/976/2015 678/977/2016
f 722/976/2015 724/978/2017 678/977/2016
f 724/978/2017 726/979/2018 678/977/2016
f 726/979/2018 728/980/2019 678/977/2016
f 728/980/2019 730/981/2020 678/977/2016
f 730/981/2020 732/982/2021 678/977/2016
f 732/982/2021 734/983/2022 678/977/2016
f 734/983/2022 736/984/2023 678/977/2016
f 736/984/2023 738/985/2024 678/977/2016
f 738/985/2024 740/986/2025 678/977/2016
f 740/986/2025 742/987/2026 678/977/2016
f 742/987/2026 744/988/2027 678/977/2016
f 744/988/2027 746/989/2028 678/977/2016
f 746/989/2028 748/990/2029 678/977/2016
f 748/990/2029 750/991/2030 678/977/2016
f 750/991/2030 752/992/2031 678/977/2016
f 752/992/2031 754/993/2032 678/977/2016
f 754/993/2032 756/994/2033 678/977/2016
f 756/994/2033 758/995/2034 678/977/2016
f 758/995/2034 720/975/2014 678/977/2016
s 35
usemtl lambert5SG
f 840/996/2035 839/997/2036 841/998/2037 842/999/2038
f 843/1000/2039 840/996/2035 842/999/2038 844/1001/2040
f 845/1002/2041 843/1000/2039 844/1001/2040 846/1003/2042
s 36
f 760/1004/2043 759/1005/2044 764/1006/2045 765/1007/2046
f 761/1008/2047 760/1004/2043 765/1007/2046 766/1009/2048
f 762/1010/2049 761/1008/2047 766/1009/2048 767/1011/2050
f 763/1012/2051 762/1010/2049 767/1011/2050 768/1013/2052
s 35
f 839/1014/2036 847/1015/2053 848/1016/2054 841/1017/2037
f 842/999/2038 841/998/2037 849/1018/2055 850/1019/2056
f 844/1001/2040 842/999/2038 850/1019/2056 851/1020/2057
f 846/1003/2042 844/1001/2040 851/1020/2057 852/1021/2058
s 36
f 765/1007/2046 764/1006/2045 769/1022/2059 770/1023/2060
f 766/1009/2048 765/1007/2046 770/1023/2060 771/1024/2061
f 767/1011/2050 766/1009/2048 771/1024/2061 772/1025/2062
f 768/1013/2052 767/1011/2050 772/1025/2062 773/1026/2063
s 35
f 841/1017/2037 848/1016/2054 853/1027/2064 849/1028/2055
f 850/1019/2056 849/1018/2055 854/1029/2065 855/1030/2066
f 851/1020/2057 850/1019/2056 855/1030/2066 856/1031/2067
f 852/1021/2058 851/1020/2057 856/1031/2067 857/1032/2068
s 36
f 770/1023/2060 769/1022/2059 774/1033/2069 775/1034/2070
f 771/1024/2061 770/1023/2060 775/1034/2070 776/1035/2071
f 772/1025/2062 771/1024/2061 776/1035/2071 777/1036/2072
f 773/1026/2063 772/1025/2062 777/1036/2072 778/1037/2073
s 35
f 849/1028/2055 853/1027/2064 858/1038/2074 854/1039/2065
f 855/1030/2066 854/1029/2065 859/1040/2075 860/1041/2076
f 856/1031/2067 855/1030/2066 860/1041/2076 861/1042/2077
f 857/1032/2068 856/1031/2067 861/1042/2077 862/1043/2078
s 36
f 775/1034/2070 774/1033/2069 779/1044/2079 780/1045/2080
f 776/1035/2071 775/1034/2070 780/1045/2080 781/1046/2081
f 777/1036/2072 776/1035/2071 781/1046/2081 782/1047/2082
f 778/1037/2073 777/1036/2072 782/1047/2082 783/1048/2083
s 35
f 854/1039/2065 858/1038/2074 863/1049/2084 859/1050/2075
f 860/1041/2076 859/1040/2075 864/1051/2085 865/1052/2086
f 861/1042/2077 860/1041/2076 865/1052/2086 866/1053/2087
f 862/1043/2078 861/1042/2077 866/1053/2087 867/1054/2088
s 36
f 780/1045/2080 779/1044/2079 784/1055/2089 785/1056/2090
f 781/1046/2081 780/1045/2080 785/1056/2090 786/1057/2091
f 782/1047/2082 781/1046/2081 786/1057/2091 787/1058/2092
f 783/1048/2083 782/1047/2082 787/1058/2092 788/1059/2093
s 35
f 859/1050/2075 863/1049/2084 868/1060/2094 864/1061/2085
f 865/1052/2086 864/1051/2085 869/1062/2095 870/1063/2096
f 866/1053/2087 865/1052/2086 870/1063/2096 871/1064/2097
f 867/1054/2088 866/1053/2087 871/1064/2097 872/1065/2098
s 36
f 785/1056/2090 784/1055/2089 789/1066/2099 790/1067/2100
f 786/1057/2091 785/1056/2090 790/1067/2100 791/1068/2101
f 787/1058/2092 786/1057/2091 791/1068/2101 792/1069/2102
f 788/1059/2093 787/1058/2092 792/1069/2102 793/1070/2103
s 35
f 864/1061/2085 868/1060/2094 873/1071/2104 869/1072/2095
f 870/1063/2096 869/1062/2095 874/1073/2105 875/1074/2106
f 871/1064/2097 870/1063/2096 875/1074/2106 876/1075/2107
f 872/1065/2098 871/1064/2097 876/1075/2107 877/1076/2108
s 36
f 790/1067/2100 789/1066/2099 794/1077/2109 795/1078/2110
f 791/1068/2101 790/1067/2100 795/1078/2110 796/1079/2111
f 792/1069/2102 791/1068/2101 796/1079/2111 797/1080/2112
f 793/1070/2103 792/1069/2102 797/1080/2112 798/1081/2113
s 35
f 869/1072/2095 873/1071/2104 878/1082/2114 874/1083/2105
f 875/1074/2106 874/1073/2105 879/1084/2115 880/1085/2116
f 876/1075/2107 875/1074/2106 880/1085/2116 881/1086/2117
f 877/1076/2108 876/1075/2107 881/1086/2117 882/1087/2118
s 36
f 795/1078/2110 794/1077/2109 799/1088/2119 800/1089/2120
f 796/1079/2111 795/1078/2110 800/1089/2120 801/1090/2121
f 797/1080/2112 796/1079/2111 801/1090/2121 802/1091/2122
f 798/1081/2113 797/1080/2112 802/1091/2122 803/1092/2123
s 35
f 874/1083/2105 878/1082/2114 883/1093/2124 879/1094/2115
f 880/1085/2116 879/1084/2115 884/1095/2125 885/1096/2126
f 881/1086/2117 880/1085/2116 885/1096/2126 886/1097/2127
f 882/1087/2118 881/1086/2117 886/1097/2127 887/1098/2128
s 36
f 800/1089/2120 799/1088/2119 804/1099/2129 805/1100/2130
f 801/1090/2121 800/1089/2120 805/1100/2130 806/1101/2131
f 802/1091/2122 801/1090/2121 806/1101/2131 807/1102/2132
f 803/1092/2123 802/1091/2122 807/1102/2132 808/1103/2133
s 35
f 879/1094/2115 883/1093/2124 888/1104/2134 884/1105/2125
f 885/1096/2126 884/1095/2125 889/1106/2135 890/1107/2136
f 886/1097/2127 885/1096/2126 890/1107/2136 891/1108/2137
f 887/1098/2128 886/1097/2127 891/1108/2137 892/1109/2138
s 36
f 805/1100/2130 804/1099/2129 809/1110/2139 810/1111/2140
f 806/1101/2131 805/1100/2130 810/1111/2140 811/1112/2141
f 807/1102/2132 806/1101/2131 811/1112/2141 812/1113/2142
f 808/1103/2133 807/1102/2132 812/1113/2142 813/1114/2143
s 35
f 884/1105/2125 888/1104/2134 893/1115/2144 889/1116/2135
f 890/1107/2136 889/1106/2135 894/1117/2145 895/1118/2146
f 891/1108/2137 890/1107/2136 895/1118/2146 896/1119/2147
f 892/1109/2138 891/1108/2137 896/1119/2147 897/1120/2148
s 36
f 810/1111/2140 809/1110/2139 814/1121/2149 815/1122/2150
f 811/1112/2141 810/1111/2140 815/1122/2150 816/1123/2151
f 812/1113/2142 811/1112/2141 816/1123/2151 817/1124/2152
f 813/1114/2143 812/1113/2142 817/1124/2152 818/1125/2153
s 35
f 889/1116/2135 893/1115/2144 898/1126/2154 894/1127/2145
f 895/1118/2146 894/1117/2145 899/1128/2155 900/1129/2156
f 896/1119/2147 895/1118/2146 900/1129/2156 901/1130/2157
f 897/1120/2148 896/1119/2147 901/1130/2157 902/1131/2158
s 36
f 815/1122/2150 814/1121/2149 819/1132/2159 820/1133/2160
f 816/1123/2151 815/1122/2150 820/1133/2160 821/1134/2161
f 817/1124/2152 816/1123/2151 821/1134/2161 822/1135/2162
f 818/1125/2153 817/1124/2152 822/1135/2162 823/1136/2163
s 35
f 894/1127/2145 898/1126/2154 903/1137/2164 899/1138/2155
f 900/1129/2156 899/1128/2155 904/1139/2165 905/1140/2166
f 901/1130/2157 900/1129/2156 905/1140/2166 906/1141/2167
f 902/1131/2158 901/1130/2157 906/1141/2167 907/1142/2168
s 36
f 820/1133/2160 819/1132/2159 824/1143/2169 825/1144/2170
f 821/1134/2161 820/1133/2160 825/1144/2170 826/1145/2171
f 822/1135/2162 821/1134/2161 826/1145/2171 827/1146/2172
f 823/1136/2163 822/1135/2162 827/1146/2172 828/1147/2173
s 35
f 899/1138/2155 903/1137/2164 908/1148/2174 904/1149/2165
f 905/1140/2166 904/1139/2165 909/1150/2175 910/1151/2176
f 906/1141/2167 905/1140/2166 910/1151/2176 911/1152/2177
f 907/1142/2168 906/1141/2167 911/1152/2177 912/1153/2178
s 36
f 825/1144/2170 824/1143/2169 829/1154/2179 830/1155/2180
f 826/1145/2171 825/1144/2170 830/1155/2180 831/1156/2181
f 827/1146/2172 826/1145/2171 831/1156/2181 832/1157/2182
f 828/1147/2173 827/1146/2172 832/1157/2182 833/1158/2183
s 35
f 904/1149/2165 908/1148/2174 913/1159/2184 909/1160/2175
f 910/1151/2176 909/1150/2175 914/1161/2185 915/1162/2186
f 911/1152/2177 910/1151/2176 915/1162/2186 916/1163/2187
f 912/1153/2178 911/1152/2177 916/1163/2187 917/1164/2188
s 36
f 830/1155/2180 829/1154/2179 834/1165/2189 835/1166/2190
f 831/1156/2181 830/1155/2180 835/1166/2190 836/1167/2191
f 832/1157/2182 831/1156/2181 836/1167/2191 837/1168/2192
f 833/1158/2183 832/1157/2182 837/1168/2192 838/1169/2193
s 35
f 909/1160/2175 913/1159/2184 918/1170/2194 914/1171/2185
f 915/1162/2186 914/1161/2185 839/1172/2036 840/1173/2035
f 916/1163/2187 915/1162/2186 840/1173/2035 843/1174/2039
f 917/1164/2188 916/1163/2187 843/1174/2039 845/1175/2041
s 36
f 835/1166/2190 834/1165/2189 759/1176/2044 760/1177/2043
f 836/1167/2191 835/1166/2190 760/1177/2043 761/1178/2047
f 837/1168/2192 836/1167/2191 761/1178/2047 762/1179/2049
f 838/1169/2193 837/1168/2192 762/1179/2049 763/1180/2051
s 35
f 914/1171/2185 918/1170/2194 847/1181/2053 839/1182/2036
s off
f 764/1006/2195 759/1176/2196 834/1165/2197 829/1154/2198 824/1143/2199 819/1132/2200 814/1121/2201 809/1110/2202 804/1099/2203 799/1088/2204 794/1077/2205 789/1066/2206 784/1055/2207 779/1044/2208 774/1033/2209 769/1022/2210
f 846/1003/2211 852/1021/2212 857/1032/2213 862/1043/2214 867/1054/2215 872/1065/2216 877/1076/2217 882/1087/2218 887/1098/2219 892/1109/2220 897/1120/2221 902/1131/2222 907/1142/2223 912/1153/2224 917/1164/2225 845/1002/2226
f 763/1012/2227 768/1013/2228 848/1016/2229 847/1015/2230
f 768/1013/2231 773/1026/2232 853/1027/2233 848/1016/2234
f 773/1026/2235 778/1037/2236 858/1038/2237 853/1027/2238
f 778/1037/2239 783/1048/2240 863/1049/2241 858/1038/2242
f 783/1048/2243 788/1059/2244 868/1060/2245 863/1049/2246
f 788/1059/2247 793/1070/2248 873/1071/2249 868/1060/2250
f 793/1070/2251 798/1081/2252 878/1082/2253 873/1071/2254
f 798/1081/2255 803/1092/2256 883/1093/2257 878/1082/2258
f 803/1092/2259 808/1103/2260 888/1104/2261 883/1093/2262
f 808/1103/2263 813/1114/2264 893/1115/2265 888/1104/2266
f 813/1114/2267 818/1125/2268 898/1126/2269 893/1115/2270
f 818/1125/2271 823/1136/2272 903/1137/2273 898/1126/2274
f 823/1136/2275 828/1147/2276 908/1148/2277 903/1137/2278
f 828/1147/2279 833/1158/2280 913/1159/2281 908/1148/2282
f 833/1158/2283 838/1169/2284 918/1170/2285 913/1159/2286
f 838/1169/2287 763/1180/2288 847/1181/2289 918/1170/2290
usemtl lambert4SG
f 924/1183/2291 919/1184/2292 920/1185/2293 926/1186/2294
f 919/1184/2295 921/1187/2296 922/1188/2297 920/1185/2298
f 921/1187/2299 928/1189/2300 930/1190/2301 922/1188/2302
f 927/1191/2303 923/1192/2304 925/1193/2305 929/1194/2306
f 926/1186/2307 920/1185/2308 922/1195/2309 930/1196/2310 929/1197/2311 925/1198/2312
f 928/1199/2313 921/1200/2314 919/1184/2315 924/1183/2316 923/1201/2317 927/1202/2318
f 924/1183/2319 926/1186/2320 925/1198/2321 923/1201/2322
f 927/1191/2323 929/1194/2324 930/1190/2325 928/1189/2326
f 936/1203/2327 938/1204/2328 932/1205/2329 931/1206/2330
f 931/1206/2331 932/1205/2332 934/1207/2333 933/1208/2334
f 933/1208/2335 934/1207/2336 942/1209/2337 940/1210/2338
f 939/1211/2339 941/1212/2340 937/1213/2341 935/1214/2342
f 938/1204/2343 937/1215/2344 941/1216/2345 942/1217/2346 934/1218/2347 932/1205/2348
f 940/1219/2349 939/1220/2350 935/1221/2351 936/1203/2352 931/1206/2353 933/1222/2354
f 936/1203/2355 935/1221/2356 937/1215/2357 938/1204/2358
f 939/1211/2359 940/1210/2360 942/1209/2361 941/1212/2362
s 37
f 945/1223/2363 946/1224/2364 948/1225/2365 947/1226/2366
f 946/1227/2364 945/1228/2363 983/1229/2367 984/1230/2368
f 947/1226/2366 948/1231/2365 950/1232/2369 949/1233/2370
f 949/1233/2370 950/1234/2369 952/1235/2371 951/1236/2372
f 951/1236/2372 952/1237/2371 954/1238/2373 953/1239/2374
f 953/1239/2374 954/1240/2373 956/1241/2375 955/1242/2376
f 955/1242/2376 956/1243/2375 958/1244/2377 957/1245/2378
f 957/1245/2378 958/1246/2377 960/1247/2379 959/1248/2380
f 959/1248/2380 960/1249/2379 962/1250/2381 961/1251/2382
f 961/1251/2382 962/1252/2381 964/1253/2383 963/1254/2384
f 963/1254/2384 964/1255/2383 966/1256/2385 965/1257/2386
f 965/1257/2386 966/1258/2385 968/1259/2387 967/1260/2388
f 967/1260/2388 968/1261/2387 970/1262/2389 969/1263/2390
f 969/1263/2390 970/1264/2389 972/1265/2391 971/1266/2392
f 971/1266/2392 972/1267/2391 974/1268/2393 973/1269/2394
f 973/1269/2394 974/1270/2393 976/1271/2395 975/1272/2396
f 975/1272/2396 976/1273/2395 978/1274/2397 977/1275/2398
f 977/1275/2398 978/1276/2397 980/1277/2399 979/1278/2400
f 979/1278/2400 980/1279/2399 982/1280/2401 981/1281/2402
f 981/1281/2402 982/1282/2401 984/1283/2368 983/1229/2367
s 38
f 985/1284/2403 986/1285/2404 1024/1286/2405 1023/1287/2406
f 986/1288/2404 985/1289/2403 987/1290/2407 988/1291/2408
f 988/1292/2408 987/1290/2407 989/1293/2409 990/1294/2410
f 990/1295/2410 989/1293/2409 991/1296/2411 992/1297/2412
f 992/1298/2412 991/1296/2411 993/1299/2413 994/1300/2414
f 994/1301/2414 993/1299/2413 995/1302/2415 996/1303/2416
f 996/1304/2416 995/1302/2415 997/1305/2417 998/1306/2418
f 998/1307/2418 997/1305/2417 999/1308/2419 1000/1309/2420
f 1000/1310/2420 999/1308/2419 1001/1311/2421 1002/1312/2422
f 1002/1313/2422 1001/1311/2421 1003/1314/2423 1004/1315/2424
f 1004/1316/2424 1003/1314/2423 1005/1317/2425 1006/1318/2426
f 1006/1319/2426 1005/1317/2425 1007/1320/2427 1008/1321/2428
f 1008/1322/2428 1007/1320/2427 1009/1323/2429 1010/1324/2430
f 1010/1325/2430 1009/1323/2429 1011/1326/2431 1012/1327/2432
f 1012/1328/2432 1011/1326/2431 1013/1329/2433 1014/1330/2434
f 1014/1331/2434 1013/1329/2433 1015/1332/2435 1016/1333/2436
f 1016/1334/2436 1015/1332/2435 1017/1335/2437 1018/1336/2438
f 1018/1337/2438 1017/1335/2437 1019/1338/2439 1020/1339/2440
f 1020/1340/2440 1019/1338/2439 1021/1341/2441 1022/1342/2442
f 1022/1343/2442 1021/1341/2441 1023/1287/2406 1024/1344/2405
s 39
f 945/1223/2443 947/1226/2444 987/1290/2445 985/1289/2446
f 947/1226/2444 949/1233/2447 989/1293/2448 987/1290/2445
f 949/1233/2447 951/1236/2449 991/1296/2450 989/1293/2448
f 951/1236/2449 953/1239/2451 993/1299/2452 991/1296/2450
f 953/1239/2451 955/1242/2453 995/1302/2454 993/1299/2452
f 955/1242/2453 957/1245/2455 997/1305/2456 995/1302/2454
f 957/1245/2455 959/1248/2457 999/1308/2458 997/1305/2456
f 959/1248/2457 961/1251/2459 1001/1311/2460 999/1308/2458
f 961/1251/2459 963/1254/2461 1003/1314/2462 1001/1311/2460
f 963/1254/2461 965/1257/2463 1005/1317/2464 1003/1314/2462
f 965/1257/2463 967/1260/2465 1007/1320/2466 1005/1317/2464
f 967/1260/2465 969/1263/2467 1009/1323/2468 1007/1320/2466
f 969/1263/2467 971/1266/2469 1011/1326/2470 1009/1323/2468
f 971/1266/2469 973/1269/2471 1013/1329/2472 1011/1326/2470
f 973/1269/2471 975/1272/2473 1015/1332/2474 1013/1329/2472
f 975/1272/2473 977/1275/2475 1017/1335/2476 1015/1332/2474
f 977/1275/2475 979/1278/2477 1019/1338/2478 1017/1335/2476
f 979/1278/2477 981/1281/2479 1021/1341/2480 1019/1338/2478
f 981/1281/2479 983/1229/2481 1023/1287/2482 1021/1341/2480
f 983/1229/2481 945/1228/2443 985/1284/2446 1023/1287/2482
s 40
f 948/1345/2483 946/1346/2484 943/1347/2485
f 950/1348/2486 948/1345/2483 943/1347/2485
f 952/1349/2487 950/1348/2486 943/1347/2485
f 954/1350/2488 952/1349/2487 943/1347/2485
f 956/1351/2489 954/1350/2488 943/1347/2485
f 958/1352/2490 956/1351/2489 943/1347/2485
f 960/1353/2491 958/1352/2490 943/1347/2485
f 962/1354/2492 960/1353/2491 943/1347/2485
f 964/1355/2493 962/1354/2492 943/1347/2485
f 966/1356/2494 964/1355/2493 943/1347/2485
f 968/1357/2495 966/1356/2494 943/1347/2485
f 970/1358/2496 968/1357/2495 943/1347/2485
f 972/1359/2497 970/1358/2496 943/1347/2485
f 974/1360/2498 972/1359/2497 943/1347/2485
f 976/1361/2499 974/1360/2498 943/1347/2485
f 978/1362/2500 976/1361/2499 943/1347/2485
f 980/1363/2501 978/1362/2500 943/1347/2485
f 982/1364/2502 980/1363/2501 943/1347/2485
f 984/1365/2503 982/1364/2502 943/1347/2485
f 946/1346/2484 984/1365/2503 943/1347/2485
s 41
f 986/1366/2504 988/1367/2505 944/1368/2506
f 988/1367/2505 990/1369/2507 944/1368/2506
f 990/1369/2507 992/1370/2508 944/1368/2506
f 992/1370/2508 994/1371/2509 944/1368/2506
f 994/1371/2509 996/1372/2510 944/1368/2506
f 996/1372/2510 998/1373/2511 944/1368/2506
f 998/1373/2511 1000/1374/2512 944/1368/2506
f 1000/1374/2512 1002/1375/2513 944/1368/2506
f 1002/1375/2513 1004/1376/2514 944/1368/2506
f 1004/1376/2514 1006/1377/2515 944/1368/2506
f 1006/1377/2515 1008/1378/2516 944/1368/2506
f 1008/1378/2516 1010/1379/2517 944/1368/2506
f 1010/1379/2517 1012/1380/2518 944/1368/2506
f 1012/1380/2518 1014/1381/2519 944/1368/2506
f 1014/1381/2519 1016/1382/2520 944/1368/2506
f 1016/1382/2520 1018/1383/2521 944/1368/2506
f 1018/1383/2521 1020/1384/2522 944/1368/2506
f 1020/1384/2522 1022/1385/2523 944/1368/2506
f 1022/1385/2523 1024/1386/2524 944/1368/2506
f 1024/1386/2524 986/1366/2504 944/1368/2506
s 42
f 1027/1387/2525 1029/1388/2526 1030/1389/2527 1028/1390/2528
f 1028/1391/2528 1066/1392/2529 1065/1393/2530 1027/1394/2525
f 1029/1388/2526 1031/1395/2531 1032/1396/2532 1030/1397/2527
f 1031/1395/2531 1033/1398/2533 1034/1399/2534 1032/1400/2532
f 1033/1398/2533 1035/1401/2535 1036/1402/2536 1034/1403/2534
f 1035/1401/2535 1037/1404/2537 1038/1405/2538 1036/1406/2536
f 1037/1404/2537 1039/1407/2539 1040/1408/2540 1038/1409/2538
f 1039/1407/2539 1041/1410/2541 1042/1411/2542 1040/1412/2540
f 1041/1410/2541 1043/1413/2543 1044/1414/2544 1042/1415/2542
f 1043/1413/2543 1045/1416/2545 1046/1417/2546 1044/1418/2544
f 1045/1416/2545 1047/1419/2547 1048/1420/2548 1046/1421/2546
f 1047/1419/2547 1049/1422/2549 1050/1423/2550 1048/1424/2548
f 1049/1422/2549 1051/1425/2551 1052/1426/2552 1050/1427/2550
f 1051/1425/2551 1053/1428/2553 1054/1429/2554 1052/1430/2552
f 1053/1428/2553 1055/1431/2555 1056/1432/2556 1054/1433/2554
f 1055/1431/2555 1057/1434/2557 1058/1435/2558 1056/1436/2556
f 1057/1434/2557 1059/1437/2559 1060/1438/2560 1058/1439/2558
f 1059/1437/2559 1061/1440/2561 1062/1441/2562 1060/1442/2560
f 1061/1440/2561 1063/1443/2563 1064/1444/2564 1062/1445/2562
f 1063/1443/2563 1065/1393/2530 1066/1446/2529 1064/1447/2564
s 43
f 1067/1448/2565 1105/1449/2566 1106/1450/2567 1068/1451/2568
f 1068/1452/2568 1070/1453/2569 1069/1454/2570 1067/1455/2565
f 1070/1456/2569 1072/1457/2571 1071/1458/2572 1069/1454/2570
f 1072/1459/2571 1074/1460/2573 1073/1461/2574 1071/1458/2572
f 1074/1462/2573 1076/1463/2575 1075/1464/2576 1073/1461/2574
f 1076/1465/2575 1078/1466/2577 1077/1467/2578 1075/1464/2576
f 1078/1468/2577 1080/1469/2579 1079/1470/2580 1077/1467/2578
f 1080/1471/2579 1082/1472/2581 1081/1473/2582 1079/1470/2580
f 1082/1474/2581 1084/1475/2583 1083/1476/2584 1081/1473/2582
f 1084/1477/2583 1086/1478/2585 1085/1479/2586 1083/1476/2584
f 1086/1480/2585 1088/1481/2587 1087/1482/2588 1085/1479/2586
f 1088/1483/2587 1090/1484/2589 1089/1485/2590 1087/1482/2588
f 1090/1486/2589 1092/1487/2591 1091/1488/2592 1089/1485/2590
f 1092/1489/2591 1094/1490/2593 1093/1491/2594 1091/1488/2592
f 1094/1492/2593 1096/1493/2595 1095/1494/2596 1093/1491/2594
f 1096/1495/2595 1098/1496/2597 1097/1497/2598 1095/1494/2596
f 1098/1498/2597 1100/1499/2599 1099/1500/2600 1097/1497/2598
f 1100/1501/2599 1102/1502/2601 1101/1503/2602 1099/1500/2600
f 1102/1504/2601 1104/1505/2603 1103/1506/2604 1101/1503/2602
f 1104/1507/2603 1106/1508/2567 1105/1449/2566 1103/1506/2604
s 44
f 1027/1387/2605 1067/1455/2606 1069/1454/2607 1029/1388/2608
f 1029/1388/2608 1069/1454/2607 1071/1458/2609 1031/1395/2610
f 1031/1395/2610 1071/1458/2609 1073/1461/2611 1033/1398/2612
f 1033/1398/2612 1073/1461/2611 1075/1464/2613 1035/1401/2614
f 1035/1401/2614 1075/1464/2613 1077/1467/2615 1037/1404/2616
f 1037/1404/2616 1077/1467/2615 1079/1470/2617 1039/1407/2618
f 1039/1407/2618 1079/1470/2617 1081/1473/2619 1041/1410/2620
f 1041/1410/2620 1081/1473/2619 1083/1476/2621 1043/1413/2622
f 1043/1413/2622 1083/1476/2621 1085/1479/2623 1045/1416/2624
f 1045/1416/2624 1085/1479/2623 1087/1482/2625 1047/1419/2626
f 1047/1419/2626 1087/1482/2625 1089/1485/2627 1049/1422/2628
f 1049/1422/2628 1089/1485/2627 1091/1488/2629 1051/1425/2630
f 1051/1425/2630 1091/1488/2629 1093/1491/2631 1053/1428/2632
f 1053/1428/2632 1093/1491/2631 1095/1494/2633 1055/1431/2634
f 1055/1431/2634 1095/1494/2633 1097/1497/2635 1057/1434/2636
f 1057/1434/2636 1097/1497/2635 1099/1500/2637 1059/1437/2638
f 1059/1437/2638 1099/1500/2637 1101/1503/2639 1061/1440/2640
f 1061/1440/2640 1101/1503/2639 1103/1506/2641 1063/1443/2642
f 1063/1443/2642 1103/1506/2641 1105/1449/2643 1065/1393/2644
f 1065/1393/2644 1105/1449/2643 1067/1448/2606 1027/1394/2605
s 45
f 1030/1509/2645 1025/1510/2646 1028/1511/2647
f 1032/1512/2648 1025/1510/2646 1030/1509/2645
f 1034/1513/2649 1025/1510/2646 1032/1512/2648
f 1036/1514/2650 1025/1510/2646 1034/1513/2649
f 1038/1515/2651 1025/1510/2646 1036/1514/2650
f 1040/1516/2652 1025/1510/2646 1038/1515/2651
f 1042/1517/2653 1025/1510/2646 1040/1516/2652
f 1044/1518/2654 1025/1510/2646 1042/1517/2653
f 1046/1519/2655 1025/1510/2646 1044/1518/2654
f 1048/1520/2656 1025/1510/2646 1046/1519/2655
f 1050/1521/2657 1025/1510/2646 1048/1520/2656
f 1052/1522/2658 1025/1510/2646 1050/1521/2657
f 1054/1523/2659 1025/1510/2646 1052/1522/2658
f 1056/1524/2660 1025/1510/2646 1054/1523/2659
f 1058/1525/2661 1025/1510/2646 1056/1524/2660
f 1060/1526/2662 1025/1510/2646 1058/1525/2661
f 1062/1527/2663 1025/1510/2646 1060/1526/2662
f 1064/1528/2664 1025/1510/2646 1062/1527/2663
f 1066/1529/2665 1025/1510/2646 1064/1528/2664
f 1028/1511/2647 1025/1510/2646 1066/1529/2665
s 46
f 1068/1530/2666 1026/1531/2667 1070/1532/2668
f 1070/1532/2668 1026/1531/2667 1072/1533/2669
f 1072/1533/2669 1026/1531/2667 1074/1534/2670
f 1074/1534/2670 1026/1531/2667 1076/1535/2671
f 1076/1535/2671 1026/1531/2667 1078/1536/2672
f 1078/1536/2672 1026/1531/2667 1080/1537/2673
f 1080/1537/2673 1026/1531/2667 1082/1538/2674
f 1082/1538/2674 1026/1531/2667 1084/1539/2675
f 1084/1539/2675 1026/1531/2667 1086/1540/2676
f 1086/1540/2676 1026/1531/2667 1088/1541/2677
f 1088/1541/2677 1026/1531/2667 1090/1542/2678
f 1090/1542/2678 1026/1531/2667 1092/1543/2679
f 1092/1543/2679 1026/1531/2667 1094/1544/2680
f 1094/1544/2680 1026/1531/2667 1096/1545/2681
f 1096/1545/2681 1026/1531/2667 1098/1546/2682
f 1098/1546/2682 1026/1531/2667 1100/1547/2683
f 1100/1547/2683 1026/1531/2667 1102/1548/2684
f 1102/1548/2684 1026/1531/2667 1104/1549/2685
f 1104/1549/2685 1026/1531/2667 1106/1550/2686
f 1106/1550/2686 1026/1531/2667 1068/1530/2666
s off
usemtl lambert2SG
f 139/183/2687 140/194/2688 1107/1552/2689 1108/1551/2690
f 140/194/2691 144/186/2692 1109/1553/2693 1107/1552/2694
f 144/186/2695 143/173/2696 1110/1554/2697 1109/1553/2698
f 143/173/2699 133/174/2700 1111/1555/2701 1110/1554/2702
f 133/174/2703 134/175/2704 1112/1556/2705 1111/1555/2706
f 134/175/2707 130/176/2708 1113/1557/2709 1112/1556/2710
f 130/176/2711 129/177/2712 1114/1558/2713 1113/1557/2714
f 129/177/2715 139/183/2716 1108/1551/2717 1114/1558/2718
f 1108/1551/2719 1107/1552/2720 1115/1560/2721 1116/1559/2722
f 1107/1552/2723 1109/1553/2724 1117/1561/2725 1115/1560/2726
f 1109/1553/2727 1110/1554/2728 1118/1562/2729 1117/1561/2730
f 1110/1554/2731 1111/1555/2732 1119/1563/2733 1118/1562/2734
f 1111/1555/2735 1112/1556/2736 1120/1564/2737 1119/1563/2738
f 1112/1556/2739 1113/1557/2740 1121/1565/2741 1120/1564/2742
f 1113/1557/2743 1114/1558/2744 1122/1566/2745 1121/1565/2746
f 1114/1558/2747 1108/1551/2748 1116/1559/2749 1122/1566/2750
f 1116/1559/2751 1115/1560/2752 1123/1568/2753 1124/1567/2754
f 1115/1560/2755 1117/1561/2756 1125/1569/2757 1123/1568/2758
f 1117/1561/2759 1118/1562/2760 1126/1570/2761 1125/1569/2762
f 1118/1562/2763 1119/1563/2764 1127/1571/2765 1126/1570/2766
f 1119/1563/2767 1120/1564/2768 1128/1572/2769 1127/1571/2770
f 1120/1564/2771 1121/1565/2772 1129/1573/2773 1128/1572/2774
f 1121/1565/2775 1122/1566/2776 1130/1574/2777 1129/1573/2778
f 1122/1566/2779 1116/1559/2780 1124/1567/2781 1130/1574/2782
